No,date,rank,Formula PVK,Concentration PVK,Formula Additive 1,Concentration Additive 1,Formula Additive 2,Concentration Additive 2,Formula Additive 3,Concentration Additive 3,Formula SAM 1,Concentration SAM 1,Formula SAM 2,Concentration SAM 2,Formula SAM 3,Concentration SAM 3,Spin Coating Speed SAM,Spin Coating Time SAM,Annealed Temperature SAM,Annealed Time SAM,Spin Coating Speed PVK 1,Spin Coating Time PVK 1,Spin Coating Speed PVK 2,Spin Coating Time PVK 2,Antisolvent Dropping Timing,Antisolvent Volume,Annealed Temperature PVK,Annealed Time PVK,Formula Passivator 1,Concentration Passivator 1,Formula Passivator 2,Concentration Passivator 2,Formula Passivator 3,Concentration Passivator 3,Formula Passivator 4,Concentration Passivator 4,Spin Coating Speed Passivator,Spin Coating Time Passivator,Passivator Dropping Timing,Passivator Volume,Annealed Temperature Passivator,Annealed Time Passivator,PCE,FF,Voc,Jsc,Product,Channel,From,upload_time
49583,20250723,164,Cs0.05MA0.1FA0.85PbI3.0,1.65,MACl,15.0,p-F-PEACl,2.0,,,"4,4,4-NA",0.5,,,,,3000,30,100,10,1000,5,5500,30,15,150,110,15,PDADI,0.5,,,,,,,5000,30,6,70,100,5,21.3677,78.099,1.12678,24.2814,1791,CH3,20250619.csv,
49584,20250723,164,Cs0.05MA0.1FA0.85PbI3.0,1.65,MACl,15.0,p-F-PEACl,2.0,,,"4,4,4-NA",0.5,,,,,3000,30,100,10,1000,5,5500,30,15,150,110,15,PDADI,0.5,,,,,,,5000,30,6,70,100,5,21.349,78.4872,1.13129,24.044,1791,CH4,20250619.csv,
49585,20250723,164,Cs0.05MA0.1FA0.85PbI3.0,1.65,MACl,15.0,p-F-PEACl,2.0,,,"4,4,4-NA",0.5,,,,,3000,30,100,10,1000,5,5500,30,15,150,110,15,PDADI,0.5,,,,,,,5000,30,6,70,100,5,24.0686,80.434,1.15309,25.9507,1792,CH1,20250619.csv,
49586,20250723,164,Cs0.05MA0.1FA0.85PbI3.0,1.65,MACl,15.0,p-F-PEACl,2.0,,,"4,4,4-NA",0.5,,,,,3000,30,100,10,1000,5,5500,30,15,150,110,15,PDADI,0.5,,,,,,,5000,30,6,70,100,5,23.1884,79.0474,1.13419,25.8641,1792,CH2,20250619.csv,
49587,20250723,164,Cs0.05MA0.1FA0.85PbI3.0,1.65,MACl,15.0,p-F-PEACl,2.0,,,"4,4,4-NA",0.5,,,,,3000,30,100,10,1000,5,5500,30,15,150,110,15,PDADI,0.5,,,,,,,5000,30,6,70,100,5,22.7934,78.5992,1.1263,25.7476,1792,CH3,20250619.csv,
49588,20250723,164,Cs0.05MA0.1FA0.85PbI3.0,1.65,MACl,15.0,p-F-PEACl,2.0,,,"4,4,4-NA",0.5,,,,,3000,30,100,10,1000,5,5500,30,15,150,110,15,PDADI,0.5,,,,,,,5000,30,6,70,100,5,22.8688,79.1196,1.12646,25.6592,1792,CH4,20250619.csv,
49589,20250723,164,Cs0.05MA0.1FA0.85PbI3.0,1.65,MACl,15.0,p-F-PEACl,2.0,,,"4,4,4-NA",0.5,,,,,3000,30,100,10,1000,5,5500,30,15,150,110,15,PDADI,0.5,,,,,,,5000,30,6,70,100,5,9.17695,38.9293,0.93822,25.1256,1793,CH1,20250619.csv,
49590,20250723,164,Cs0.05MA0.1FA0.85PbI3.0,1.65,MACl,15.0,p-F-PEACl,2.0,,,"4,4,4-NA",0.5,,,,,3000,30,100,10,1000,5,5500,30,15,150,110,15,PDADI,0.5,,,,,,,5000,30,6,70,100,5,22.8837,79.4076,1.13464,25.3983,1793,CH2,20250619.csv,
49591,20250723,164,Cs0.05MA0.1FA0.85PbI3.0,1.65,MACl,15.0,p-F-PEACl,2.0,,,"4,4,4-NA",0.5,,,,,3000,30,100,10,1000,5,5500,30,15,150,110,15,PDADI,0.5,,,,,,,5000,30,6,70,100,5,22.431,78.843,1.12702,25.2437,1793,CH3,20250619.csv,
49592,20250723,164,Cs0.05MA0.1FA0.85PbI3.0,1.65,MACl,15.0,p-F-PEACl,2.0,,,"4,4,4-NA",0.5,,,,,3000,30,100,10,1000,5,5500,30,15,150,110,15,PDADI,0.5,,,,,,,5000,30,6,70,100,5,22.5611,79.3789,1.13353,25.0738,1793,CH4,20250619.csv,
49593,20250723,164,Cs0.05MA0.1FA0.85PbI3.0,1.65,MACl,15.0,p-F-PEACl,2.0,,,"4,4,4-NA",0.5,,,,,3000,30,100,10,1000,5,5500,30,15,150,110,15,PDADI,0.5,,,,,,,5000,30,6,70,100,5,24.2482,80.6569,1.16115,25.891,1794,CH1,20250619.csv,
49594,20250723,164,Cs0.05MA0.1FA0.85PbI3.0,1.65,MACl,15.0,p-F-PEACl,2.0,,,"4,4,4-NA",0.5,,,,,3000,30,100,10,1000,5,5500,30,15,150,110,15,PDADI,0.5,,,,,,,5000,30,6,70,100,5,23.6277,79.269,1.13978,26.1515,1794,CH2,20250619.csv,
49595,20250723,164,Cs0.05MA0.1FA0.85PbI3.0,1.65,MACl,15.0,p-F-PEACl,2.0,,,"4,4,4-NA",0.5,,,,,3000,30,100,10,1000,5,5500,30,15,150,110,15,PDADI,0.5,,,,,,,5000,30,6,70,100,5,23.4052,78.7491,1.133,26.2324,1794,CH3,20250619.csv,
49596,20250723,164,Cs0.05MA0.1FA0.85PbI3.0,1.65,MACl,15.0,p-F-PEACl,2.0,,,"4,4,4-NA",0.5,,,,,3000,30,100,10,1000,5,5500,30,15,150,110,15,PDADI,0.5,,,,,,,5000,30,6,70,100,5,23.4165,78.837,1.13352,26.2038,1794,CH4,20250619.csv,
49609,20250723,164,Cs0.05MA0.1FA0.85PbI3.0,1.65,MACl,15.0,p-F-PEACl,2.0,,,"4,4,4-NA",0.5,,,,,3000,30,100,10,1000,5,5500,30,15,150,110,15,PEAI,0.5,PDADI,0.5,,,,,5000,30,6,70,100,5,22.7114,79.783,1.16323,24.4719,1798,CH1,20250619.csv,
49610,20250723,164,Cs0.05MA0.1FA0.85PbI3.0,1.65,MACl,15.0,p-F-PEACl,2.0,,,"4,4,4-NA",0.5,,,,,3000,30,100,10,1000,5,5500,30,15,150,110,15,PEAI,0.5,PDADI,0.5,,,,,5000,30,6,70,100,5,22.6554,80.2371,1.1461,24.6362,1798,CH2,20250619.csv,
49611,20250723,164,Cs0.05MA0.1FA0.85PbI3.0,1.65,MACl,15.0,p-F-PEACl,2.0,,,"4,4,4-NA",0.5,,,,,3000,30,100,10,1000,5,5500,30,15,150,110,15,PEAI,0.5,PDADI,0.5,,,,,5000,30,6,70,100,5,22.289,79.4585,1.13569,24.6997,1798,CH3,20250619.csv,
49612,20250723,164,Cs0.05MA0.1FA0.85PbI3.0,1.65,MACl,15.0,p-F-PEACl,2.0,,,"4,4,4-NA",0.5,,,,,3000,30,100,10,1000,5,5500,30,15,150,110,15,PEAI,0.5,PDADI,0.5,,,,,5000,30,6,70,100,5,21.7495,78.1059,1.1308,24.6253,1798,CH4,20250619.csv,
49613,20250723,164,Cs0.05MA0.1FA0.85PbI3.0,1.65,MACl,15.0,p-F-PEACl,2.0,,,"4,4,4-NA",0.5,,,,,3000,30,100,10,1000,5,5500,30,15,150,110,15,PEAI,0.5,PDADI,0.5,,,,,5000,30,6,70,100,5,24.5527,80.7585,1.15697,26.2777,1799,CH1,20250619.csv,
49614,20250723,164,Cs0.05MA0.1FA0.85PbI3.0,1.65,MACl,15.0,p-F-PEACl,2.0,,,"4,4,4-NA",0.5,,,,,3000,30,100,10,1000,5,5500,30,15,150,110,15,PEAI,0.5,PDADI,0.5,,,,,5000,30,6,70,100,5,23.5422,79.3316,1.13533,26.1383,1799,CH2,20250619.csv,
49615,20250723,164,Cs0.05MA0.1FA0.85PbI3.0,1.65,MACl,15.0,p-F-PEACl,2.0,,,"4,4,4-NA",0.5,,,,,3000,30,100,10,1000,5,5500,30,15,150,110,15,PEAI,0.5,PDADI,0.5,,,,,5000,30,6,70,100,5,22.892,78.6461,1.12582,25.8546,1799,CH3,20250619.csv,
49616,20250723,164,Cs0.05MA0.1FA0.85PbI3.0,1.65,MACl,15.0,p-F-PEACl,2.0,,,"4,4,4-NA",0.5,,,,,3000,30,100,10,1000,5,5500,30,15,150,110,15,PEAI,0.5,PDADI,0.5,,,,,5000,30,6,70,100,5,22.951,79.2224,1.13271,25.5761,1799,CH4,20250619.csv,
49617,20250723,164,Cs0.05MA0.08FA0.87PbI3.0,1.73,MACl,14.6,PEAI,0.517,,,4PADCB,0.248,2PACz,0.083,,,3000,30,100,10,1000,5,5500,30,15,150,110,15,m-F-PEAI,2.0,,,,,,,5000,30,6,70,100,5,17.6719,62.8954,1.08855,25.8116,1800,CH1,20250619.csv,
49618,20250723,164,Cs0.05MA0.08FA0.87PbI3.0,1.73,MACl,14.6,PEAI,0.517,,,4PADCB,0.248,2PACz,0.083,,,3000,30,100,10,1000,5,5500,30,15,150,110,15,m-F-PEAI,2.0,,,,,,,5000,30,6,70,100,5,21.4879,78.2261,1.07792,25.4833,1800,CH2,20250619.csv,
49619,20250723,164,Cs0.05MA0.08FA0.87PbI3.0,1.73,MACl,14.6,PEAI,0.517,,,4PADCB,0.248,2PACz,0.083,,,3000,30,100,10,1000,5,5500,30,15,150,110,15,m-F-PEAI,2.0,,,,,,,5000,30,6,70,100,5,21.1454,77.83,1.07099,25.3678,1800,CH3,20250619.csv,
49620,20250723,164,Cs0.05MA0.08FA0.87PbI3.0,1.73,MACl,14.6,PEAI,0.517,,,4PADCB,0.248,2PACz,0.083,,,3000,30,100,10,1000,5,5500,30,15,150,110,15,m-F-PEAI,2.0,,,,,,,5000,30,6,70,100,5,21.1259,78.0162,1.07481,25.1942,1800,CH4,20250619.csv,
49621,20250723,164,Cs0.05MA0.08FA0.87PbI3.0,1.73,MACl,14.6,PEAI,0.517,,,4PADCB,0.248,2PACz,0.083,,,3000,30,100,10,1000,5,5500,30,15,150,110,15,m-F-PEAI,2.0,,,,,,,5000,30,6,70,100,5,14.9397,56.1418,1.08522,24.5209,1801,CH1,20250619.csv,
49622,20250723,164,Cs0.05MA0.08FA0.87PbI3.0,1.73,MACl,14.6,PEAI,0.517,,,4PADCB,0.248,2PACz,0.083,,,3000,30,100,10,1000,5,5500,30,15,150,110,15,m-F-PEAI,2.0,,,,,,,5000,30,6,70,100,5,21.0827,78.4514,1.08422,24.786,1801,CH2,20250619.csv,
49623,20250723,164,Cs0.05MA0.08FA0.87PbI3.0,1.73,MACl,14.6,PEAI,0.517,,,4PADCB,0.248,2PACz,0.083,,,3000,30,100,10,1000,5,5500,30,15,150,110,15,m-F-PEAI,2.0,,,,,,,5000,30,6,70,100,5,21.2917,79.854,1.07855,24.7213,1801,CH3,20250619.csv,
49624,20250723,164,Cs0.05MA0.08FA0.87PbI3.0,1.73,MACl,14.6,PEAI,0.517,,,4PADCB,0.248,2PACz,0.083,,,3000,30,100,10,1000,5,5500,30,15,150,110,15,m-F-PEAI,2.0,,,,,,,5000,30,6,70,100,5,21.4088,80.7383,1.07885,24.5782,1801,CH4,20250619.csv,
49625,20250723,164,Cs0.05MA0.08FA0.87PbI3.0,1.73,MACl,14.6,PEAI,0.517,,,4PADCB,0.248,2PACz,0.083,,,3000,30,100,10,1000,5,5500,30,15,150,110,15,m-F-PEAI,2.0,,,,,,,5000,30,6,70,100,5,22.585,78.6013,1.10271,26.0573,1802,CH1,20250619.csv,
49626,20250723,164,Cs0.05MA0.08FA0.87PbI3.0,1.73,MACl,14.6,PEAI,0.517,,,4PADCB,0.248,2PACz,0.083,,,3000,30,100,10,1000,5,5500,30,15,150,110,15,m-F-PEAI,2.0,,,,,,,5000,30,6,70,100,5,10.4089,39.7948,1.04639,24.9969,1802,CH2,20250619.csv,
49627,20250723,164,Cs0.05MA0.08FA0.87PbI3.0,1.73,MACl,14.6,PEAI,0.517,,,4PADCB,0.248,2PACz,0.083,,,3000,30,100,10,1000,5,5500,30,15,150,110,15,m-F-PEAI,2.0,,,,,,,5000,30,6,70,100,5,22.3204,80.159,1.07708,25.8525,1802,CH3,20250619.csv,
49628,20250723,164,Cs0.05MA0.08FA0.87PbI3.0,1.73,MACl,14.6,PEAI,0.517,,,4PADCB,0.248,2PACz,0.083,,,3000,30,100,10,1000,5,5500,30,15,150,110,15,m-F-PEAI,2.0,,,,,,,5000,30,6,70,100,5,18.8528,68.882,1.07342,25.4977,1802,CH4,20250619.csv,
49629,20250723,164,Cs0.05MA0.08FA0.87PbI3.0,1.63,MACl,14.6,PEAI,0.517,,,4PADCB,0.248,2PACz,0.083,,,3000,30,100,10,1000,5,5500,30,15,150,110,15,PEAI,1.0,,,,,,,5000,30,6,70,100,5,7.57327,30.4102,1.00526,24.7733,1803,CH1,20250619.csv,
49633,20250723,164,Cs0.05MA0.08FA0.87PbI3.0,1.63,MACl,14.6,PEAI,0.517,,,4PADCB,0.248,2PACz,0.083,,,3000,30,100,10,1000,5,5500,30,15,150,110,15,PEAI,1.0,,,,,,,5000,30,6,70,100,5,0.164771,24.5781,0.0459563,14.5877,1804,CH1,20250619.csv,
49634,20250723,164,Cs0.05MA0.08FA0.87PbI3.0,1.63,MACl,14.6,PEAI,0.517,,,4PADCB,0.248,2PACz,0.083,,,3000,30,100,10,1000,5,5500,30,15,150,110,15,PEAI,1.0,,,,,,,5000,30,6,70,100,5,19.279,70.5686,1.08815,25.1064,1804,CH2,20250619.csv,
49635,20250723,164,Cs0.05MA0.08FA0.87PbI3.0,1.63,MACl,14.6,PEAI,0.517,,,4PADCB,0.248,2PACz,0.083,,,3000,30,100,10,1000,5,5500,30,15,150,110,15,PEAI,1.0,,,,,,,5000,30,6,70,100,5,20.3344,74.3422,1.09143,25.0611,1804,CH3,20250619.csv,
49636,20250723,164,Cs0.05MA0.08FA0.87PbI3.0,1.63,MACl,14.6,PEAI,0.517,,,4PADCB,0.248,2PACz,0.083,,,3000,30,100,10,1000,5,5500,30,15,150,110,15,PEAI,1.0,,,,,,,5000,30,6,70,100,5,20.1704,74.1766,1.09033,24.9396,1804,CH4,20250619.csv,
49637,20250723,164,Cs0.05MA0.08FA0.87PbI3.0,1.63,MACl,14.6,PEAI,0.517,,,4PADCB,0.248,2PACz,0.083,,,3000,30,100,10,1000,5,5500,30,15,150,110,15,PEAI,1.0,,,,,,,5000,30,6,70,100,5,10.8622,41.6173,1.0589,24.6483,1805,CH1,20250619.csv,
49638,20250723,164,Cs0.05MA0.08FA0.87PbI3.0,1.63,MACl,14.6,PEAI,0.517,,,4PADCB,0.248,2PACz,0.083,,,3000,30,100,10,1000,5,5500,30,15,150,110,15,PEAI,1.0,,,,,,,5000,30,6,70,100,5,19.8789,72.949,1.08915,25.0199,1805,CH2,20250619.csv,
49639,20250723,164,Cs0.05MA0.08FA0.87PbI3.0,1.63,MACl,14.6,PEAI,0.517,,,4PADCB,0.248,2PACz,0.083,,,3000,30,100,10,1000,5,5500,30,15,150,110,15,PEAI,1.0,,,,,,,5000,30,6,70,100,5,19.3836,72.1669,1.08476,24.7606,1805,CH3,20250619.csv,
49640,20250723,164,Cs0.05MA0.08FA0.87PbI3.0,1.63,MACl,14.6,PEAI,0.517,,,4PADCB,0.248,2PACz,0.083,,,3000,30,100,10,1000,5,5500,30,15,150,110,15,PEAI,1.0,,,,,,,5000,30,6,70,100,5,20.0786,75.196,1.08914,24.5164,1805,CH4,20250619.csv,
49641,20250723,164,Cs0.05MA0.08FA0.87PbI3.0,1.63,MACl,14.6,PEAI,0.517,,,4PADCB,0.248,2PACz,0.083,,,3000,30,100,10,1000,5,5500,30,15,150,110,15,PEABr,0.5,,,,,,,5000,30,6,70,100,5,22.7298,79.1624,1.08741,26.4047,1806,CH1,20250619.csv,
49642,20250723,164,Cs0.05MA0.08FA0.87PbI3.0,1.63,MACl,14.6,PEAI,0.517,,,4PADCB,0.248,2PACz,0.083,,,3000,30,100,10,1000,5,5500,30,15,150,110,15,PEABr,0.5,,,,,,,5000,30,6,70,100,5,15.6938,56.9511,1.06404,25.8981,1806,CH2,20250619.csv,
49643,20250723,164,Cs0.05MA0.08FA0.87PbI3.0,1.63,MACl,14.6,PEAI,0.517,,,4PADCB,0.248,2PACz,0.083,,,3000,30,100,10,1000,5,5500,30,15,150,110,15,PEABr,0.5,,,,,,,5000,30,6,70,100,5,12.8823,49.1886,1.0111,25.9022,1806,CH3,20250619.csv,
49644,20250723,164,Cs0.05MA0.08FA0.87PbI3.0,1.63,MACl,14.6,PEAI,0.517,,,4PADCB,0.248,2PACz,0.083,,,3000,30,100,10,1000,5,5500,30,15,150,110,15,PEABr,0.5,,,,,,,5000,30,6,70,100,5,2.4707,24.7631,0.424867,23.4834,1806,CH4,20250619.csv,
49645,20250723,164,Cs0.05MA0.08FA0.87PbI3.0,1.63,MACl,14.6,PEAI,0.517,,,4PADCB,0.248,2PACz,0.083,,,3000,30,100,10,1000,5,5500,30,15,150,110,15,PEABr,0.5,,,,,,,5000,30,6,70,100,5,22.1635,78.2318,1.07585,26.3331,1807,CH1,20250619.csv,
49646,20250723,164,Cs0.05MA0.08FA0.87PbI3.0,1.63,MACl,14.6,PEAI,0.517,,,4PADCB,0.248,2PACz,0.083,,,3000,30,100,10,1000,5,5500,30,15,150,110,15,PEABr,0.5,,,,,,,5000,30,6,70,100,5,20.6605,75.3508,1.0504,26.1034,1807,CH2,20250619.csv,
49647,20250723,164,Cs0.05MA0.08FA0.87PbI3.0,1.63,MACl,14.6,PEAI,0.517,,,4PADCB,0.248,2PACz,0.083,,,3000,30,100,10,1000,5,5500,30,15,150,110,15,PEABr,0.5,,,,,,,5000,30,6,70,100,5,20.4975,76.0958,1.04337,25.8167,1807,CH3,20250619.csv,
49648,20250723,164,Cs0.05MA0.08FA0.87PbI3.0,1.63,MACl,14.6,PEAI,0.517,,,4PADCB,0.248,2PACz,0.083,,,3000,30,100,10,1000,5,5500,30,15,150,110,15,PEABr,0.5,,,,,,,5000,30,6,70,100,5,12.7615,61.9277,1.01293,20.3439,1807,CH4,20250619.csv,
49649,20250723,164,Cs0.05MA0.08FA0.87PbI3.0,1.63,MACl,14.6,PEAI,0.517,,,4PADCB,0.248,2PACz,0.083,,,3000,30,100,10,1000,5,5500,30,15,150,110,15,PEABr,0.5,,,,,,,5000,30,6,70,100,5,23.021,80.8686,1.09611,25.9712,1808,CH1,20250619.csv,
49650,20250723,164,Cs0.05MA0.08FA0.87PbI3.0,1.63,MACl,14.6,PEAI,0.517,,,4PADCB,0.248,2PACz,0.083,,,3000,30,100,10,1000,5,5500,30,15,150,110,15,PEABr,0.5,,,,,,,5000,30,6,70,100,5,21.0698,75.5232,1.07638,25.9188,1808,CH2,20250619.csv,
49651,20250723,164,Cs0.05MA0.08FA0.87PbI3.0,1.63,MACl,14.6,PEAI,0.517,,,4PADCB,0.248,2PACz,0.083,,,3000,30,100,10,1000,5,5500,30,15,150,110,15,PEABr,0.5,,,,,,,5000,30,6,70,100,5,21.7718,78.2287,1.06823,26.0534,1808,CH3,20250619.csv,
49652,20250723,164,Cs0.05MA0.08FA0.87PbI3.0,1.63,MACl,14.6,PEAI,0.517,,,4PADCB,0.248,2PACz,0.083,,,3000,30,100,10,1000,5,5500,30,15,150,110,15,PEABr,0.5,,,,,,,5000,30,6,70,100,5,21.6548,78.2907,1.06212,26.0417,1808,CH4,20250619.csv,
49653,20250724,165,Cs0.05MA0.1FA0.85PbI3.0,1.65,MACl,15.0,m-F-PEACl,2.0,,,"4,4,4-NA",0.5,,,,,3000,30,100,10,1000,5,5500,30,15,150,110,15,PDADI,0.5,,,,,,,5000,30,6,70,100,5,25.4537,80.8457,1.15887,27.1682,1809,CH1,20250620.csv,
49654,20250724,165,Cs0.05MA0.1FA0.85PbI3.0,1.65,MACl,15.0,m-F-PEACl,2.0,,,"4,4,4-NA",0.5,,,,,3000,30,100,10,1000,5,5500,30,15,150,110,15,PDADI,0.5,,,,,,,5000,30,6,70,100,5,25.1051,80.1636,1.1445,27.3633,1809,CH2,20250620.csv,
49655,20250724,165,Cs0.05MA0.1FA0.85PbI3.0,1.65,MACl,15.0,m-F-PEACl,2.0,,,"4,4,4-NA",0.5,,,,,3000,30,100,10,1000,5,5500,30,15,150,110,15,PDADI,0.5,,,,,,,5000,30,6,70,100,5,24.6323,79.0798,1.13711,27.3929,1809,CH3,20250620.csv,
49656,20250724,165,Cs0.05MA0.1FA0.85PbI3.0,1.65,MACl,15.0,m-F-PEACl,2.0,,,"4,4,4-NA",0.5,,,,,3000,30,100,10,1000,5,5500,30,15,150,110,15,PDADI,0.5,,,,,,,5000,30,6,70,100,5,24.7321,79.4504,1.1438,27.2154,1809,CH4,20250620.csv,
49657,20250724,165,Cs0.05MA0.1FA0.85PbI3.0,1.65,MACl,15.0,m-F-PEACl,2.0,,,"4,4,4-NA",0.5,,,,,3000,30,100,10,1000,5,5500,30,15,150,110,15,PDADI,0.5,,,,,,,5000,30,6,70,100,5,23.8372,82.542,1.15858,24.9261,1810,CH1,20250620.csv,
49658,20250724,165,Cs0.05MA0.1FA0.85PbI3.0,1.65,MACl,15.0,m-F-PEACl,2.0,,,"4,4,4-NA",0.5,,,,,3000,30,100,10,1000,5,5500,30,15,150,110,15,PDADI,0.5,,,,,,,5000,30,6,70,100,5,22.5905,79.3117,1.13671,25.0576,1810,CH2,20250620.csv,
49659,20250724,165,Cs0.05MA0.1FA0.85PbI3.0,1.65,MACl,15.0,m-F-PEACl,2.0,,,"4,4,4-NA",0.5,,,,,3000,30,100,10,1000,5,5500,30,15,150,110,15,PDADI,0.5,,,,,,,5000,30,6,70,100,5,21.8519,77.6625,1.12621,24.9837,1810,CH3,20250620.csv,
49660,20250724,165,Cs0.05MA0.1FA0.85PbI3.0,1.65,MACl,15.0,m-F-PEACl,2.0,,,"4,4,4-NA",0.5,,,,,3000,30,100,10,1000,5,5500,30,15,150,110,15,PDADI,0.5,,,,,,,5000,30,6,70,100,5,22.0748,78.2323,1.13726,24.8113,1810,CH4,20250620.csv,
49661,20250724,165,Cs0.05MA0.1FA0.85PbI3.0,1.65,MACl,15.0,m-F-PEACl,2.0,,,"4,4,4-NA",0.5,,,,,3000,30,100,10,1000,5,5500,30,15,150,110,15,PDADI,0.5,,,,,,,5000,30,6,70,100,5,25.1175,80.2011,1.15093,27.2111,1811,CH1,20250620.csv,
49662,20250724,165,Cs0.05MA0.1FA0.85PbI3.0,1.65,MACl,15.0,m-F-PEACl,2.0,,,"4,4,4-NA",0.5,,,,,3000,30,100,10,1000,5,5500,30,15,150,110,15,PDADI,0.5,,,,,,,5000,30,6,70,100,5,24.9212,79.6961,1.13915,27.4507,1811,CH2,20250620.csv,
49663,20250724,165,Cs0.05MA0.1FA0.85PbI3.0,1.65,MACl,15.0,m-F-PEACl,2.0,,,"4,4,4-NA",0.5,,,,,3000,30,100,10,1000,5,5500,30,15,150,110,15,PDADI,0.5,,,,,,,5000,30,6,70,100,5,24.431,78.6638,1.13101,27.4599,1811,CH3,20250620.csv,
49664,20250724,165,Cs0.05MA0.1FA0.85PbI3.0,1.65,MACl,15.0,m-F-PEACl,2.0,,,"4,4,4-NA",0.5,,,,,3000,30,100,10,1000,5,5500,30,15,150,110,15,PDADI,0.5,,,,,,,5000,30,6,70,100,5,24.0363,77.8312,1.13372,27.2401,1811,CH4,20250620.csv,
49665,20250724,165,Cs0.05MA0.1FA0.85PbI3.0,1.65,MACl,15.0,m-F-PEACl,2.0,,,"4,4,4-NA",0.5,,,,,3000,30,100,10,1000,5,5500,30,15,150,110,15,PDADI,0.5,,,,,,,5000,30,6,70,100,5,24.263,80.9988,1.17308,25.535,1812,CH1,20250620.csv,
49666,20250724,165,Cs0.05MA0.1FA0.85PbI3.0,1.65,MACl,15.0,m-F-PEACl,2.0,,,"4,4,4-NA",0.5,,,,,3000,30,100,10,1000,5,5500,30,15,150,110,15,PDADI,0.5,,,,,,,5000,30,6,70,100,5,23.8271,80.5423,1.15568,25.5981,1812,CH2,20250620.csv,
49667,20250724,165,Cs0.05MA0.1FA0.85PbI3.0,1.65,MACl,15.0,m-F-PEACl,2.0,,,"4,4,4-NA",0.5,,,,,3000,30,100,10,1000,5,5500,30,15,150,110,15,PDADI,0.5,,,,,,,5000,30,6,70,100,5,23.2559,79.8033,1.14874,25.3682,1812,CH3,20250620.csv,
49668,20250724,165,Cs0.05MA0.1FA0.85PbI3.0,1.65,MACl,15.0,m-F-PEACl,2.0,,,"4,4,4-NA",0.5,,,,,3000,30,100,10,1000,5,5500,30,15,150,110,15,PDADI,0.5,,,,,,,5000,30,6,70,100,5,16.5667,61.8036,1.08227,24.7678,1812,CH4,20250620.csv,
49669,20250724,165,Cs0.05MA0.1FA0.85PbI3.0,1.65,MACl,15.0,m-F-PEACl,2.0,,,"4,4,4-NA",0.5,,,,,3000,30,100,10,1000,5,5500,30,15,150,110,15,PDADI,0.5,,,,,,,5000,30,6,70,100,5,24.4802,81.8575,1.16569,25.6551,1813,CH1,20250620.csv,
49670,20250724,165,Cs0.05MA0.1FA0.85PbI3.0,1.65,MACl,15.0,m-F-PEACl,2.0,,,"4,4,4-NA",0.5,,,,,3000,30,100,10,1000,5,5500,30,15,150,110,15,PDADI,0.5,,,,,,,5000,30,6,70,100,5,22.9151,78.2651,1.14322,25.6108,1813,CH2,20250620.csv,
49671,20250724,165,Cs0.05MA0.1FA0.85PbI3.0,1.65,MACl,15.0,m-F-PEACl,2.0,,,"4,4,4-NA",0.5,,,,,3000,30,100,10,1000,5,5500,30,15,150,110,15,PDADI,0.5,,,,,,,5000,30,6,70,100,5,23.2905,79.4686,1.14122,25.6812,1813,CH3,20250620.csv,
49672,20250724,165,Cs0.05MA0.1FA0.85PbI3.0,1.65,MACl,15.0,m-F-PEACl,2.0,,,"4,4,4-NA",0.5,,,,,3000,30,100,10,1000,5,5500,30,15,150,110,15,PDADI,0.5,,,,,,,5000,30,6,70,100,5,23.2917,79.7958,1.14499,25.493,1813,CH4,20250620.csv,
49673,20250724,165,Cs0.05MA0.1FA0.85PbI3.0,1.65,MACl,15.0,p-F-PEACl,2.0,,,"4,4,4-NA",0.5,,,,,3000,30,100,10,1000,5,5500,30,15,150,110,15,PDADI,0.5,,,,,,,5000,30,6,70,100,5,23.6295,82.2514,1.15905,24.7861,1814,CH1,20250620.csv,
49674,20250724,165,Cs0.05MA0.1FA0.85PbI3.0,1.65,MACl,15.0,p-F-PEACl,2.0,,,"4,4,4-NA",0.5,,,,,3000,30,100,10,1000,5,5500,30,15,150,110,15,PDADI,0.5,,,,,,,5000,30,6,70,100,5,22.3663,79.8775,1.13416,24.6886,1814,CH2,20250620.csv,
49675,20250724,165,Cs0.05MA0.1FA0.85PbI3.0,1.65,MACl,15.0,p-F-PEACl,2.0,,,"4,4,4-NA",0.5,,,,,3000,30,100,10,1000,5,5500,30,15,150,110,15,PDADI,0.5,,,,,,,5000,30,6,70,100,5,21.7493,78.6704,1.12595,24.5536,1814,CH3,20250620.csv,
49676,20250724,165,Cs0.05MA0.1FA0.85PbI3.0,1.65,MACl,15.0,p-F-PEACl,2.0,,,"4,4,4-NA",0.5,,,,,3000,30,100,10,1000,5,5500,30,15,150,110,15,PDADI,0.5,,,,,,,5000,30,6,70,100,5,21.7206,78.9669,1.13296,24.2779,1814,CH4,20250620.csv,
49677,20250724,165,Cs0.05MA0.1FA0.85PbI3.0,1.65,MACl,15.0,p-F-PEACl,2.0,,,"4,4,4-NA",0.5,,,,,3000,30,100,10,1000,5,5500,30,15,150,110,15,PDADI,0.5,,,,,,,5000,30,6,70,100,5,25.0672,81.805,1.15768,26.469,1815,CH1,20250620.csv,
49678,20250724,165,Cs0.05MA0.1FA0.85PbI3.0,1.65,MACl,15.0,p-F-PEACl,2.0,,,"4,4,4-NA",0.5,,,,,3000,30,100,10,1000,5,5500,30,15,150,110,15,PDADI,0.5,,,,,,,5000,30,6,70,100,5,24.219,80.3705,1.13824,26.4742,1815,CH2,20250620.csv,
49679,20250724,165,Cs0.05MA0.1FA0.85PbI3.0,1.65,MACl,15.0,p-F-PEACl,2.0,,,"4,4,4-NA",0.5,,,,,3000,30,100,10,1000,5,5500,30,15,150,110,15,PDADI,0.5,,,,,,,5000,30,6,70,100,5,23.8295,79.8482,1.13143,26.3768,1815,CH3,20250620.csv,
49680,20250724,165,Cs0.05MA0.1FA0.85PbI3.0,1.65,MACl,15.0,p-F-PEACl,2.0,,,"4,4,4-NA",0.5,,,,,3000,30,100,10,1000,5,5500,30,15,150,110,15,PDADI,0.5,,,,,,,5000,30,6,70,100,5,23.8751,80.1533,1.13536,26.2356,1815,CH4,20250620.csv,
49681,20250724,165,Cs0.05MA0.1FA0.85PbI3.0,1.65,MACl,15.0,p-F-PEACl,2.0,,,"4,4,4-NA",0.5,,,,,3000,30,100,10,1000,5,5500,30,15,150,110,15,PDADI,0.5,,,,,,,5000,30,6,70,100,5,24.7813,82.175,1.1639,25.91,1816,CH1,20250620.csv,
49682,20250724,165,Cs0.05MA0.1FA0.85PbI3.0,1.65,MACl,15.0,p-F-PEACl,2.0,,,"4,4,4-NA",0.5,,,,,3000,30,100,10,1000,5,5500,30,15,150,110,15,PDADI,0.5,,,,,,,5000,30,6,70,100,5,24.1342,81.0459,1.14618,25.9806,1816,CH2,20250620.csv,
49683,20250724,165,Cs0.05MA0.1FA0.85PbI3.0,1.65,MACl,15.0,p-F-PEACl,2.0,,,"4,4,4-NA",0.5,,,,,3000,30,100,10,1000,5,5500,30,15,150,110,15,PDADI,0.5,,,,,,,5000,30,6,70,100,5,23.6914,80.6264,1.13884,25.8018,1816,CH3,20250620.csv,
49684,20250724,165,Cs0.05MA0.1FA0.85PbI3.0,1.65,MACl,15.0,p-F-PEACl,2.0,,,"4,4,4-NA",0.5,,,,,3000,30,100,10,1000,5,5500,30,15,150,110,15,PDADI,0.5,,,,,,,5000,30,6,70,100,5,23.5364,80.6789,1.14174,25.5514,1816,CH4,20250620.csv,
49685,20250724,165,Cs0.05MA0.1FA0.85PbI3.0,1.65,MACl,15.0,p-F-PEACl,2.0,,,"4,4,4-NA",0.5,,,,,3000,30,100,10,1000,5,5500,30,15,150,110,15,PDADI,0.5,,,,,,,5000,30,6,70,100,5,25.009,81.5195,1.16612,26.3083,1817,CH1,20250620.csv,
49686,20250724,165,Cs0.05MA0.1FA0.85PbI3.0,1.65,MACl,15.0,p-F-PEACl,2.0,,,"4,4,4-NA",0.5,,,,,3000,30,100,10,1000,5,5500,30,15,150,110,15,PDADI,0.5,,,,,,,5000,30,6,70,100,5,24.4346,80.1843,1.14698,26.5682,1817,CH2,20250620.csv,
49687,20250724,165,Cs0.05MA0.1FA0.85PbI3.0,1.65,MACl,15.0,p-F-PEACl,2.0,,,"4,4,4-NA",0.5,,,,,3000,30,100,10,1000,5,5500,30,15,150,110,15,PDADI,0.5,,,,,,,5000,30,6,70,100,5,24.0243,79.2679,1.13679,26.6608,1817,CH3,20250620.csv,
49688,20250724,165,Cs0.05MA0.1FA0.85PbI3.0,1.65,MACl,15.0,p-F-PEACl,2.0,,,"4,4,4-NA",0.5,,,,,3000,30,100,10,1000,5,5500,30,15,150,110,15,PDADI,0.5,,,,,,,5000,30,6,70,100,5,24.0422,79.3528,1.13833,26.6161,1817,CH4,20250620.csv,
49701,20250724,165,Cs0.05MA0.1FA0.85PbI3.0,1.65,MACl,15.0,p-F-PEACl,2.0,,,"4,4,4-NA",0.5,,,,,3000,30,100,10,1000,5,5500,30,15,150,110,15,PEAI,0.5,PDADI,0.5,,,,,5000,30,6,70,100,5,23.6046,82.0192,1.16624,24.677,1821,CH1,20250620.csv,
49702,20250724,165,Cs0.05MA0.1FA0.85PbI3.0,1.65,MACl,15.0,p-F-PEACl,2.0,,,"4,4,4-NA",0.5,,,,,3000,30,100,10,1000,5,5500,30,15,150,110,15,PEAI,0.5,PDADI,0.5,,,,,5000,30,6,70,100,5,23.2277,81.2105,1.1486,24.9016,1821,CH2,20250620.csv,
49703,20250724,165,Cs0.05MA0.1FA0.85PbI3.0,1.65,MACl,15.0,p-F-PEACl,2.0,,,"4,4,4-NA",0.5,,,,,3000,30,100,10,1000,5,5500,30,15,150,110,15,PEAI,0.5,PDADI,0.5,,,,,5000,30,6,70,100,5,22.8124,80.2405,1.13851,24.9713,1821,CH3,20250620.csv,
49704,20250724,165,Cs0.05MA0.1FA0.85PbI3.0,1.65,MACl,15.0,p-F-PEACl,2.0,,,"4,4,4-NA",0.5,,,,,3000,30,100,10,1000,5,5500,30,15,150,110,15,PEAI,0.5,PDADI,0.5,,,,,5000,30,6,70,100,5,22.0596,78.5183,1.13215,24.8155,1821,CH4,20250620.csv,
49705,20250724,165,Cs0.05MA0.1FA0.85PbI3.0,1.65,MACl,15.0,p-F-PEACl,2.0,,,"4,4,4-NA",0.5,,,,,3000,30,100,10,1000,5,5500,30,15,150,110,15,PEAI,0.5,PDADI,0.5,,,,,5000,30,6,70,100,5,25.0942,81.8073,1.15831,26.4823,1822,CH1,20250620.csv,
49706,20250724,165,Cs0.05MA0.1FA0.85PbI3.0,1.65,MACl,15.0,p-F-PEACl,2.0,,,"4,4,4-NA",0.5,,,,,3000,30,100,10,1000,5,5500,30,15,150,110,15,PEAI,0.5,PDADI,0.5,,,,,5000,30,6,70,100,5,24.2771,80.4442,1.14225,26.4204,1822,CH2,20250620.csv,
49707,20250724,165,Cs0.05MA0.1FA0.85PbI3.0,1.65,MACl,15.0,p-F-PEACl,2.0,,,"4,4,4-NA",0.5,,,,,3000,30,100,10,1000,5,5500,30,15,150,110,15,PEAI,0.5,PDADI,0.5,,,,,5000,30,6,70,100,5,23.3844,79.2225,1.1307,26.1054,1822,CH3,20250620.csv,
49708,20250724,165,Cs0.05MA0.1FA0.85PbI3.0,1.65,MACl,15.0,p-F-PEACl,2.0,,,"4,4,4-NA",0.5,,,,,3000,30,100,10,1000,5,5500,30,15,150,110,15,PEAI,0.5,PDADI,0.5,,,,,5000,30,6,70,100,5,23.3966,79.6819,1.13806,25.8005,1822,CH4,20250620.csv,
49709,20250724,165,Cs0.05MA0.08FA0.87PbI3.0,1.73,MACl,14.6,PEAI,0.517,,,4PADCB,0.248,2PACz,0.083,,,3000,30,100,10,1000,5,5500,30,15,150,110,15,m-F-PEAI,2.0,,,,,,,5000,30,6,70,100,5,20.675,71.4607,1.10309,26.2283,1823,CH1,20250620.csv,
49710,20250724,165,Cs0.05MA0.08FA0.87PbI3.0,1.73,MACl,14.6,PEAI,0.517,,,4PADCB,0.248,2PACz,0.083,,,3000,30,100,10,1000,5,5500,30,15,150,110,15,m-F-PEAI,2.0,,,,,,,5000,30,6,70,100,5,22.0724,77.9209,1.08674,26.0658,1823,CH2,20250620.csv,
49711,20250724,165,Cs0.05MA0.08FA0.87PbI3.0,1.73,MACl,14.6,PEAI,0.517,,,4PADCB,0.248,2PACz,0.083,,,3000,30,100,10,1000,5,5500,30,15,150,110,15,m-F-PEAI,2.0,,,,,,,5000,30,6,70,100,5,21.8263,77.6519,1.0807,26.0089,1823,CH3,20250620.csv,
49712,20250724,165,Cs0.05MA0.08FA0.87PbI3.0,1.73,MACl,14.6,PEAI,0.517,,,4PADCB,0.248,2PACz,0.083,,,3000,30,100,10,1000,5,5500,30,15,150,110,15,m-F-PEAI,2.0,,,,,,,5000,30,6,70,100,5,21.5692,77.5512,1.07963,25.7615,1823,CH4,20250620.csv,
49713,20250724,165,Cs0.05MA0.08FA0.87PbI3.0,1.73,MACl,14.6,PEAI,0.517,,,4PADCB,0.248,2PACz,0.083,,,3000,30,100,10,1000,5,5500,30,15,150,110,15,m-F-PEAI,2.0,,,,,,,5000,30,6,70,100,5,19.7897,71.8594,1.10168,24.9978,1824,CH1,20250620.csv,
49714,20250724,165,Cs0.05MA0.08FA0.87PbI3.0,1.73,MACl,14.6,PEAI,0.517,,,4PADCB,0.248,2PACz,0.083,,,3000,30,100,10,1000,5,5500,30,15,150,110,15,m-F-PEAI,2.0,,,,,,,5000,30,6,70,100,5,20.2772,74.7042,1.08971,24.9086,1824,CH2,20250620.csv,
49715,20250724,165,Cs0.05MA0.08FA0.87PbI3.0,1.73,MACl,14.6,PEAI,0.517,,,4PADCB,0.248,2PACz,0.083,,,3000,30,100,10,1000,5,5500,30,15,150,110,15,m-F-PEAI,2.0,,,,,,,5000,30,6,70,100,5,21.2685,79.1878,1.07932,24.8844,1824,CH3,20250620.csv,
49716,20250724,165,Cs0.05MA0.08FA0.87PbI3.0,1.73,MACl,14.6,PEAI,0.517,,,4PADCB,0.248,2PACz,0.083,,,3000,30,100,10,1000,5,5500,30,15,150,110,15,m-F-PEAI,2.0,,,,,,,5000,30,6,70,100,5,21.6312,80.7245,1.08133,24.7809,1824,CH4,20250620.csv,
49717,20250724,165,Cs0.05MA0.08FA0.87PbI3.0,1.73,MACl,14.6,PEAI,0.517,,,4PADCB,0.248,2PACz,0.083,,,3000,30,100,10,1000,5,5500,30,15,150,110,15,m-F-PEAI,2.0,,,,,,,5000,30,6,70,100,5,22.4711,78.5595,1.09333,26.1623,1825,CH1,20250620.csv,
49718,20250724,165,Cs0.05MA0.08FA0.87PbI3.0,1.73,MACl,14.6,PEAI,0.517,,,4PADCB,0.248,2PACz,0.083,,,3000,30,100,10,1000,5,5500,30,15,150,110,15,m-F-PEAI,2.0,,,,,,,5000,30,6,70,100,5,21.0196,74.5685,1.07881,26.1291,1825,CH2,20250620.csv,
49719,20250724,165,Cs0.05MA0.08FA0.87PbI3.0,1.73,MACl,14.6,PEAI,0.517,,,4PADCB,0.248,2PACz,0.083,,,3000,30,100,10,1000,5,5500,30,15,150,110,15,m-F-PEAI,2.0,,,,,,,5000,30,6,70,100,5,21.9436,79.039,1.06546,26.0573,1825,CH3,20250620.csv,
49720,20250724,165,Cs0.05MA0.08FA0.87PbI3.0,1.73,MACl,14.6,PEAI,0.517,,,4PADCB,0.248,2PACz,0.083,,,3000,30,100,10,1000,5,5500,30,15,150,110,15,m-F-PEAI,2.0,,,,,,,5000,30,6,70,100,5,21.8181,78.8183,1.06671,25.9505,1825,CH4,20250620.csv,
49721,20250724,165,Cs0.05MA0.08FA0.87PbI3.0,1.63,MACl,14.6,PEAI,0.517,,,4PADCB,0.248,2PACz,0.083,,,3000,30,100,10,1000,5,5500,30,15,150,110,15,PEAI,1.0,,,,,,,5000,30,6,70,100,5,19.0642,67.0377,1.10654,25.7,1826,CH1,20250620.csv,
49727,20250724,165,Cs0.05MA0.08FA0.87PbI3.0,1.63,MACl,14.6,PEAI,0.517,,,4PADCB,0.248,2PACz,0.083,,,3000,30,100,10,1000,5,5500,30,15,150,110,15,PEAI,1.0,,,,,,,5000,30,6,70,100,5,20.9565,75.8683,1.09397,25.2496,1827,CH3,20250620.csv,
49729,20250724,165,Cs0.05MA0.08FA0.87PbI3.0,1.63,MACl,14.6,PEAI,0.517,,,4PADCB,0.248,2PACz,0.083,,,3000,30,100,10,1000,5,5500,30,15,150,110,15,PEAI,1.0,,,,,,,5000,30,6,70,100,5,19.3498,69.0199,1.10527,25.365,1828,CH1,20250620.csv,
49731,20250724,165,Cs0.05MA0.08FA0.87PbI3.0,1.63,MACl,14.6,PEAI,0.517,,,4PADCB,0.248,2PACz,0.083,,,3000,30,100,10,1000,5,5500,30,15,150,110,15,PEAI,1.0,,,,,,,5000,30,6,70,100,5,20.1542,74.3822,1.08481,24.9772,1828,CH3,20250620.csv,
49732,20250724,165,Cs0.05MA0.08FA0.87PbI3.0,1.63,MACl,14.6,PEAI,0.517,,,4PADCB,0.248,2PACz,0.083,,,3000,30,100,10,1000,5,5500,30,15,150,110,15,PEAI,1.0,,,,,,,5000,30,6,70,100,5,19.9283,74.3059,1.08954,24.6152,1828,CH4,20250620.csv,
49733,20250724,165,Cs0.05MA0.08FA0.87PbI3.0,1.63,MACl,14.6,PEAI,0.517,,,4PADCB,0.248,2PACz,0.083,,,3000,30,100,10,1000,5,5500,30,15,150,110,15,PEABr,0.5,,,,,,,5000,30,6,70,100,5,20.8456,71.7449,1.0962,26.5053,1829,CH1,20250620.csv,
49734,20250724,165,Cs0.05MA0.08FA0.87PbI3.0,1.63,MACl,14.6,PEAI,0.517,,,4PADCB,0.248,2PACz,0.083,,,3000,30,100,10,1000,5,5500,30,15,150,110,15,PEABr,0.5,,,,,,,5000,30,6,70,100,5,20.6121,72.1681,1.0798,26.4505,1829,CH2,20250620.csv,
49735,20250724,165,Cs0.05MA0.08FA0.87PbI3.0,1.63,MACl,14.6,PEAI,0.517,,,4PADCB,0.248,2PACz,0.083,,,3000,30,100,10,1000,5,5500,30,15,150,110,15,PEABr,0.5,,,,,,,5000,30,6,70,100,5,21.4729,76.6383,1.06237,26.3736,1829,CH3,20250620.csv,
49736,20250724,165,Cs0.05MA0.08FA0.87PbI3.0,1.63,MACl,14.6,PEAI,0.517,,,4PADCB,0.248,2PACz,0.083,,,3000,30,100,10,1000,5,5500,30,15,150,110,15,PEABr,0.5,,,,,,,5000,30,6,70,100,5,14.0475,52.3017,1.0471,25.6505,1829,CH4,20250620.csv,
49737,20250724,165,Cs0.05MA0.08FA0.87PbI3.0,1.63,MACl,14.6,PEAI,0.517,,,4PADCB,0.248,2PACz,0.083,,,3000,30,100,10,1000,5,5500,30,15,150,110,15,PEABr,0.5,,,,,,,5000,30,6,70,100,5,22.2437,78.3194,1.07041,26.5332,1830,CH1,20250620.csv,
49738,20250724,165,Cs0.05MA0.08FA0.87PbI3.0,1.63,MACl,14.6,PEAI,0.517,,,4PADCB,0.248,2PACz,0.083,,,3000,30,100,10,1000,5,5500,30,15,150,110,15,PEABr,0.5,,,,,,,5000,30,6,70,100,5,21.4853,76.8846,1.05681,26.4425,1830,CH2,20250620.csv,
49739,20250724,165,Cs0.05MA0.08FA0.87PbI3.0,1.63,MACl,14.6,PEAI,0.517,,,4PADCB,0.248,2PACz,0.083,,,3000,30,100,10,1000,5,5500,30,15,150,110,15,PEABr,0.5,,,,,,,5000,30,6,70,100,5,21.5203,77.3064,1.05916,26.2827,1830,CH3,20250620.csv,
49740,20250724,165,Cs0.05MA0.08FA0.87PbI3.0,1.63,MACl,14.6,PEAI,0.517,,,4PADCB,0.248,2PACz,0.083,,,3000,30,100,10,1000,5,5500,30,15,150,110,15,PEABr,0.5,,,,,,,5000,30,6,70,100,5,21.1542,76.2202,1.06451,26.0722,1830,CH4,20250620.csv,
49741,20250724,165,Cs0.05MA0.08FA0.87PbI3.0,1.63,MACl,14.6,PEAI,0.517,,,4PADCB,0.248,2PACz,0.083,,,3000,30,100,10,1000,5,5500,30,15,150,110,15,PEABr,0.5,,,,,,,5000,30,6,70,100,5,23.1961,80.9637,1.09917,26.0651,1831,CH1,20250620.csv,
49742,20250724,165,Cs0.05MA0.08FA0.87PbI3.0,1.63,MACl,14.6,PEAI,0.517,,,4PADCB,0.248,2PACz,0.083,,,3000,30,100,10,1000,5,5500,30,15,150,110,15,PEABr,0.5,,,,,,,5000,30,6,70,100,5,21.523,75.604,1.09175,26.0757,1831,CH2,20250620.csv,
49743,20250724,165,Cs0.05MA0.08FA0.87PbI3.0,1.63,MACl,14.6,PEAI,0.517,,,4PADCB,0.248,2PACz,0.083,,,3000,30,100,10,1000,5,5500,30,15,150,110,15,PEABr,0.5,,,,,,,5000,30,6,70,100,5,22.3836,79.5584,1.07526,26.1656,1831,CH3,20250620.csv,
49744,20250724,165,Cs0.05MA0.08FA0.87PbI3.0,1.63,MACl,14.6,PEAI,0.517,,,4PADCB,0.248,2PACz,0.083,,,3000,30,100,10,1000,5,5500,30,15,150,110,15,PEABr,0.5,,,,,,,5000,30,6,70,100,5,22.2356,79.3932,1.06994,26.1763,1831,CH4,20250620.csv,
49745,20250725,166,Cs0.05MA0.1FA0.85PbI3.0,1.65,MACl,15.0,p-F-PEACl,2.0,,,"4,4,4-NA",0.5,,,,,3000,30,100,10,1000,5,5500,30,15,150,110,15,PDADI,0.5,,,,,,,5000,30,6,70,100,5,23.7644,78.5146,1.18443,25.5545,1832,CH1,20250623.csv,
49746,20250725,166,Cs0.05MA0.1FA0.85PbI3.0,1.65,MACl,15.0,p-F-PEACl,2.0,,,"4,4,4-NA",0.5,,,,,3000,30,100,10,1000,5,5500,30,15,150,110,15,PDADI,0.5,,,,,,,5000,30,6,70,100,5,19.3716,64.0815,1.16883,25.8632,1832,CH2,20250623.csv,
49747,20250725,166,Cs0.05MA0.1FA0.85PbI3.0,1.65,MACl,15.0,p-F-PEACl,2.0,,,"4,4,4-NA",0.5,,,,,3000,30,100,10,1000,5,5500,30,15,150,110,15,PDADI,0.5,,,,,,,5000,30,6,70,100,5,25.3861,83.2841,1.17886,25.8566,1832,CH3,20250623.csv,
49748,20250725,166,Cs0.05MA0.1FA0.85PbI3.0,1.65,MACl,15.0,p-F-PEACl,2.0,,,"4,4,4-NA",0.5,,,,,3000,30,100,10,1000,5,5500,30,15,150,110,15,PDADI,0.5,,,,,,,5000,30,6,70,100,5,25.6433,83.7523,1.18042,25.9383,1832,CH4,20250623.csv,
49749,20250725,166,Cs0.05MA0.1FA0.85PbI3.0,1.65,MACl,15.0,p-F-PEACl,2.0,,,"4,4,4-NA",0.5,,,,,3000,30,100,10,1000,5,5500,30,15,150,110,15,PDADI,0.5,,,,,,,5000,30,6,70,100,5,25.7614,84.8668,1.1862,25.5903,1833,CH1,20250623.csv,
49750,20250725,166,Cs0.05MA0.1FA0.85PbI3.0,1.65,MACl,15.0,p-F-PEACl,2.0,,,"4,4,4-NA",0.5,,,,,3000,30,100,10,1000,5,5500,30,15,150,110,15,PDADI,0.5,,,,,,,5000,30,6,70,100,5,25.4942,83.5568,1.18657,25.7138,1833,CH2,20250623.csv,
49751,20250725,166,Cs0.05MA0.1FA0.85PbI3.0,1.65,MACl,15.0,p-F-PEACl,2.0,,,"4,4,4-NA",0.5,,,,,3000,30,100,10,1000,5,5500,30,15,150,110,15,PDADI,0.5,,,,,,,5000,30,6,70,100,5,25.3091,84.4265,1.17859,25.4352,1833,CH3,20250623.csv,
49752,20250725,166,Cs0.05MA0.1FA0.85PbI3.0,1.65,MACl,15.0,p-F-PEACl,2.0,,,"4,4,4-NA",0.5,,,,,3000,30,100,10,1000,5,5500,30,15,150,110,15,PDADI,0.5,,,,,,,5000,30,6,70,100,5,24.6399,83.0607,1.18232,25.0903,1833,CH4,20250623.csv,
49753,20250725,166,Cs0.05MA0.1FA0.85PbI3.0,1.65,MACl,15.0,p-F-PEACl,2.0,,,"4,4,4-NA",0.5,,,,,3000,30,100,10,1000,5,5500,30,15,150,110,15,PDADI,0.5,,,,,,,5000,30,6,70,100,5,23.3493,83.3394,1.18044,23.7346,1834,CH1,20250623.csv,
49754,20250725,166,Cs0.05MA0.1FA0.85PbI3.0,1.65,MACl,15.0,p-F-PEACl,2.0,,,"4,4,4-NA",0.5,,,,,3000,30,100,10,1000,5,5500,30,15,150,110,15,PDADI,0.5,,,,,,,5000,30,6,70,100,5,23.7147,83.5328,1.17682,24.1242,1834,CH2,20250623.csv,
49755,20250725,166,Cs0.05MA0.1FA0.85PbI3.0,1.65,MACl,15.0,p-F-PEACl,2.0,,,"4,4,4-NA",0.5,,,,,3000,30,100,10,1000,5,5500,30,15,150,110,15,PDADI,0.5,,,,,,,5000,30,6,70,100,5,23.7304,83.371,1.17769,24.169,1834,CH3,20250623.csv,
49756,20250725,166,Cs0.05MA0.1FA0.85PbI3.0,1.65,MACl,15.0,p-F-PEACl,2.0,,,"4,4,4-NA",0.5,,,,,3000,30,100,10,1000,5,5500,30,15,150,110,15,PDADI,0.5,,,,,,,5000,30,6,70,100,5,23.4937,83.2235,1.17773,23.9694,1834,CH4,20250623.csv,
49757,20250725,166,Cs0.05MA0.1FA0.85PbI3.0,1.65,MACl,15.0,p-F-PEACl,2.0,,,"4,4,4-NA",0.5,,,,,3000,30,100,10,1000,5,5500,30,15,150,110,15,PDADI,0.5,,,,,,,5000,30,6,70,100,5,21.0475,74.4875,1.19656,23.6148,1835,CH1,20250623.csv,
49758,20250725,166,Cs0.05MA0.1FA0.85PbI3.0,1.65,MACl,15.0,p-F-PEACl,2.0,,,"4,4,4-NA",0.5,,,,,3000,30,100,10,1000,5,5500,30,15,150,110,15,PDADI,0.5,,,,,,,5000,30,6,70,100,5,19.0536,68.6956,1.17882,23.5289,1835,CH2,20250623.csv,
49759,20250725,166,Cs0.05MA0.1FA0.85PbI3.0,1.65,MACl,15.0,p-F-PEACl,2.0,,,"4,4,4-NA",0.5,,,,,3000,30,100,10,1000,5,5500,30,15,150,110,15,PDADI,0.5,,,,,,,5000,30,6,70,100,5,22.9819,82.5861,1.18562,23.4711,1835,CH3,20250623.csv,
49760,20250725,166,Cs0.05MA0.1FA0.85PbI3.0,1.65,MACl,15.0,p-F-PEACl,2.0,,,"4,4,4-NA",0.5,,,,,3000,30,100,10,1000,5,5500,30,15,150,110,15,PDADI,0.5,,,,,,,5000,30,6,70,100,5,21.3474,78.1192,1.18577,23.0456,1835,CH4,20250623.csv,
49761,20250725,166,Cs0.05MA0.1FA0.85PbI3.0,1.65,MACl,15.0,p-F-PEACl,2.0,,,"4,4,4-NA",0.5,,,,,3000,30,100,10,1000,5,5500,30,15,150,110,15,PDADI,0.5,,,,,,,5000,30,6,70,100,5,22.6871,79.6825,1.19852,23.7559,1836,CH1,20250623.csv,
49762,20250725,166,Cs0.05MA0.1FA0.85PbI3.0,1.65,MACl,15.0,p-F-PEACl,2.0,,,"4,4,4-NA",0.5,,,,,3000,30,100,10,1000,5,5500,30,15,150,110,15,PDADI,0.5,,,,,,,5000,30,6,70,100,5,24.0109,83.5694,1.19174,24.109,1836,CH2,20250623.csv,
49763,20250725,166,Cs0.05MA0.1FA0.85PbI3.0,1.65,MACl,15.0,p-F-PEACl,2.0,,,"4,4,4-NA",0.5,,,,,3000,30,100,10,1000,5,5500,30,15,150,110,15,PDADI,0.5,,,,,,,5000,30,6,70,100,5,21.0632,73.891,1.18487,24.0581,1836,CH3,20250623.csv,
49764,20250725,166,Cs0.05MA0.1FA0.85PbI3.0,1.65,MACl,15.0,p-F-PEACl,2.0,,,"4,4,4-NA",0.5,,,,,3000,30,100,10,1000,5,5500,30,15,150,110,15,PDADI,0.5,,,,,,,5000,30,6,70,100,5,22.6698,79.4057,1.1862,24.0678,1836,CH4,20250623.csv,
49765,20250725,166,Cs0.05MA0.1FA0.85PbI3.0,1.65,MACl,15.0,p-F-PEACl,2.0,,,"4,4,4-NA",0.5,,,,,3000,30,100,10,1000,5,5500,30,15,150,110,15,PDADI,0.5,,,,,,,5000,30,6,70,100,5,24.7429,82.921,1.18438,25.1939,1837,CH1,20250623.csv,
49766,20250725,166,Cs0.05MA0.1FA0.85PbI3.0,1.65,MACl,15.0,p-F-PEACl,2.0,,,"4,4,4-NA",0.5,,,,,3000,30,100,10,1000,5,5500,30,15,150,110,15,PDADI,0.5,,,,,,,5000,30,6,70,100,5,24.604,83.3298,1.17454,25.1384,1837,CH2,20250623.csv,
49767,20250725,166,Cs0.05MA0.1FA0.85PbI3.0,1.65,MACl,15.0,p-F-PEACl,2.0,,,"4,4,4-NA",0.5,,,,,3000,30,100,10,1000,5,5500,30,15,150,110,15,PDADI,0.5,,,,,,,5000,30,6,70,100,5,24.3596,83.275,1.1698,25.006,1837,CH3,20250623.csv,
49768,20250725,166,Cs0.05MA0.1FA0.85PbI3.0,1.65,MACl,15.0,p-F-PEACl,2.0,,,"4,4,4-NA",0.5,,,,,3000,30,100,10,1000,5,5500,30,15,150,110,15,PDADI,0.5,,,,,,,5000,30,6,70,100,5,24.1137,83.2816,1.16976,24.7524,1837,CH4,20250623.csv,
49769,20250725,166,Cs0.05MA0.1FA0.85PbI3.0,1.65,MACl,15.0,p-F-PEACl,2.0,,,"4,4,4-NA",0.5,,,,,3000,30,100,10,1000,5,5500,30,15,150,110,15,PDADI,0.5,,,,,,,5000,30,6,70,100,5,23.5999,81.5369,1.18728,24.3783,1838,CH1,20250623.csv,
49770,20250725,166,Cs0.05MA0.1FA0.85PbI3.0,1.65,MACl,15.0,p-F-PEACl,2.0,,,"4,4,4-NA",0.5,,,,,3000,30,100,10,1000,5,5500,30,15,150,110,15,PDADI,0.5,,,,,,,5000,30,6,70,100,5,23.7821,82.8093,1.17916,24.3555,1838,CH2,20250623.csv,
49771,20250725,166,Cs0.05MA0.1FA0.85PbI3.0,1.65,MACl,15.0,p-F-PEACl,2.0,,,"4,4,4-NA",0.5,,,,,3000,30,100,10,1000,5,5500,30,15,150,110,15,PDADI,0.5,,,,,,,5000,30,6,70,100,5,23.4502,82.8809,1.17145,24.1529,1838,CH3,20250623.csv,
49772,20250725,166,Cs0.05MA0.1FA0.85PbI3.0,1.65,MACl,15.0,p-F-PEACl,2.0,,,"4,4,4-NA",0.5,,,,,3000,30,100,10,1000,5,5500,30,15,150,110,15,PDADI,0.5,,,,,,,5000,30,6,70,100,5,23.1749,82.8561,1.16786,23.9499,1838,CH4,20250623.csv,
49773,20250725,166,Cs0.05MA0.1FA0.85PbI3.0,1.65,MACl,15.0,p-F-PEACl,2.0,,,"4,4,4-NA",0.5,,,,,3000,30,100,10,1000,5,5500,30,15,150,110,15,PDADI,0.5,,,,,,,5000,30,6,70,100,5,25.4115,83.1531,1.18602,25.7668,1839,CH1,20250623.csv,
49774,20250725,166,Cs0.05MA0.1FA0.85PbI3.0,1.65,MACl,15.0,p-F-PEACl,2.0,,,"4,4,4-NA",0.5,,,,,3000,30,100,10,1000,5,5500,30,15,150,110,15,PDADI,0.5,,,,,,,5000,30,6,70,100,5,25.1578,82.9327,1.17669,25.7801,1839,CH2,20250623.csv,
49775,20250725,166,Cs0.05MA0.1FA0.85PbI3.0,1.65,MACl,15.0,p-F-PEACl,2.0,,,"4,4,4-NA",0.5,,,,,3000,30,100,10,1000,5,5500,30,15,150,110,15,PDADI,0.5,,,,,,,5000,30,6,70,100,5,24.8188,82.7153,1.17033,25.6383,1839,CH3,20250623.csv,
49776,20250725,166,Cs0.05MA0.1FA0.85PbI3.0,1.65,MACl,15.0,p-F-PEACl,2.0,,,"4,4,4-NA",0.5,,,,,3000,30,100,10,1000,5,5500,30,15,150,110,15,PDADI,0.5,,,,,,,5000,30,6,70,100,5,24.2278,81.8164,1.16519,25.4141,1839,CH4,20250623.csv,
49777,20250725,166,Cs0.05MA0.1FA0.85PbI3.0,1.65,MACl,15.0,p-F-PEACl,2.0,,,"4,4,4-NA",0.5,,,,,3000,30,100,10,1000,5,6000,30,15,150,110,15,PDADI,0.5,,,,,,,5000,30,6,70,100,5,25.0784,83.5026,1.18911,25.2568,1840,CH1,20250623.csv,
49778,20250725,166,Cs0.05MA0.1FA0.85PbI3.0,1.65,MACl,15.0,p-F-PEACl,2.0,,,"4,4,4-NA",0.5,,,,,3000,30,100,10,1000,5,6000,30,15,150,110,15,PDADI,0.5,,,,,,,5000,30,6,70,100,5,25.0105,82.8592,1.1867,25.4354,1840,CH2,20250623.csv,
49779,20250725,166,Cs0.05MA0.1FA0.85PbI3.0,1.65,MACl,15.0,p-F-PEACl,2.0,,,"4,4,4-NA",0.5,,,,,3000,30,100,10,1000,5,6000,30,15,150,110,15,PDADI,0.5,,,,,,,5000,30,6,70,100,5,22.1419,74.6038,1.17382,25.2843,1840,CH3,20250623.csv,
49780,20250725,166,Cs0.05MA0.1FA0.85PbI3.0,1.65,MACl,15.0,p-F-PEACl,2.0,,,"4,4,4-NA",0.5,,,,,3000,30,100,10,1000,5,6000,30,15,150,110,15,PDADI,0.5,,,,,,,5000,30,6,70,100,5,24.7897,83.4708,1.17621,25.2496,1840,CH4,20250623.csv,
49781,20250725,166,Cs0.05MA0.1FA0.85PbI3.0,1.65,MACl,15.0,p-F-PEACl,2.0,,,"4,4,4-NA",0.5,,,,,3000,30,100,10,1000,5,6000,30,15,150,110,15,PDADI,0.5,,,,,,,5000,30,6,70,100,5,19.9597,66.8607,1.16633,25.5954,1841,CH1,20250623.csv,
49782,20250725,166,Cs0.05MA0.1FA0.85PbI3.0,1.65,MACl,15.0,p-F-PEACl,2.0,,,"4,4,4-NA",0.5,,,,,3000,30,100,10,1000,5,6000,30,15,150,110,15,PDADI,0.5,,,,,,,5000,30,6,70,100,5,25.4599,83.7852,1.18522,25.6384,1841,CH2,20250623.csv,
49783,20250725,166,Cs0.05MA0.1FA0.85PbI3.0,1.65,MACl,15.0,p-F-PEACl,2.0,,,"4,4,4-NA",0.5,,,,,3000,30,100,10,1000,5,6000,30,15,150,110,15,PDADI,0.5,,,,,,,5000,30,6,70,100,5,25.3255,83.8438,1.18104,25.5753,1841,CH3,20250623.csv,
49784,20250725,166,Cs0.05MA0.1FA0.85PbI3.0,1.65,MACl,15.0,p-F-PEACl,2.0,,,"4,4,4-NA",0.5,,,,,3000,30,100,10,1000,5,6000,30,15,150,110,15,PDADI,0.5,,,,,,,5000,30,6,70,100,5,23.1985,77.6495,1.17924,25.3349,1841,CH4,20250623.csv,
49785,20250725,166,Cs0.05MA0.1FA0.85PbI3.0,1.65,MACl,15.0,p-F-PEACl,2.0,,,"4,4,4-NA",0.5,,,,,3000,30,100,10,1000,5,6000,30,15,150,110,15,PDADI,0.5,,,,,,,5000,30,6,70,100,5,24.736,79.8901,1.19601,25.8881,1842,CH1,20250623.csv,
49786,20250725,166,Cs0.05MA0.1FA0.85PbI3.0,1.65,MACl,15.0,p-F-PEACl,2.0,,,"4,4,4-NA",0.5,,,,,3000,30,100,10,1000,5,6000,30,15,150,110,15,PDADI,0.5,,,,,,,5000,30,6,70,100,5,23.5997,76.964,1.18839,25.8023,1842,CH2,20250623.csv,
49787,20250725,166,Cs0.05MA0.1FA0.85PbI3.0,1.65,MACl,15.0,p-F-PEACl,2.0,,,"4,4,4-NA",0.5,,,,,3000,30,100,10,1000,5,6000,30,15,150,110,15,PDADI,0.5,,,,,,,5000,30,6,70,100,5,20.6049,68.6491,1.16718,25.7155,1842,CH3,20250623.csv,
49788,20250725,166,Cs0.05MA0.1FA0.85PbI3.0,1.65,MACl,15.0,p-F-PEACl,2.0,,,"4,4,4-NA",0.5,,,,,3000,30,100,10,1000,5,6000,30,15,150,110,15,PDADI,0.5,,,,,,,5000,30,6,70,100,5,25.0288,83.339,1.17722,25.5114,1842,CH4,20250623.csv,
49789,20250725,166,Cs0.05MA0.1FA0.85PbI3.0,1.65,MACl,15.0,p-F-PEACl,2.0,,,"4,4,4-NA",0.5,,,,,3000,30,100,10,1000,5,6000,30,15,150,110,15,PDADI,0.5,,,,,,,5000,30,6,70,100,5,24.6165,81.6467,1.15681,26.0632,1843,CH1,20250623.csv,
49790,20250725,166,Cs0.05MA0.1FA0.85PbI3.0,1.65,MACl,15.0,p-F-PEACl,2.0,,,"4,4,4-NA",0.5,,,,,3000,30,100,10,1000,5,6000,30,15,150,110,15,PDADI,0.5,,,,,,,5000,30,6,70,100,5,24.1346,80.8949,1.14634,26.0259,1843,CH2,20250623.csv,
49791,20250725,166,Cs0.05MA0.1FA0.85PbI3.0,1.65,MACl,15.0,p-F-PEACl,2.0,,,"4,4,4-NA",0.5,,,,,3000,30,100,10,1000,5,6000,30,15,150,110,15,PDADI,0.5,,,,,,,5000,30,6,70,100,5,24.1023,81.2371,1.14439,25.9257,1843,CH3,20250623.csv,
49792,20250725,166,Cs0.05MA0.1FA0.85PbI3.0,1.65,MACl,15.0,p-F-PEACl,2.0,,,"4,4,4-NA",0.5,,,,,3000,30,100,10,1000,5,6000,30,15,150,110,15,PDADI,0.5,,,,,,,5000,30,6,70,100,5,24.0527,81.5558,1.1441,25.7777,1843,CH4,20250623.csv,
49793,20250725,166,Cs0.05MA0.1FA0.85PbI3.0,1.65,MACl,15.0,p-F-PEACl,2.0,,,"4,4,4-NA",0.5,,,,,3000,30,100,10,1000,5,6000,30,15,150,110,15,PDADI,0.5,,,,,,,5000,30,6,70,100,5,24.9686,82.308,1.15646,26.2314,1844,CH1,20250623.csv,
49794,20250725,166,Cs0.05MA0.1FA0.85PbI3.0,1.65,MACl,15.0,p-F-PEACl,2.0,,,"4,4,4-NA",0.5,,,,,3000,30,100,10,1000,5,6000,30,15,150,110,15,PDADI,0.5,,,,,,,5000,30,6,70,100,5,24.2024,81.0469,1.14341,26.1168,1844,CH2,20250623.csv,
49795,20250725,166,Cs0.05MA0.1FA0.85PbI3.0,1.65,MACl,15.0,p-F-PEACl,2.0,,,"4,4,4-NA",0.5,,,,,3000,30,100,10,1000,5,6000,30,15,150,110,15,PDADI,0.5,,,,,,,5000,30,6,70,100,5,23.4721,79.7945,1.1347,25.9237,1844,CH3,20250623.csv,
49796,20250725,166,Cs0.05MA0.1FA0.85PbI3.0,1.65,MACl,15.0,p-F-PEACl,2.0,,,"4,4,4-NA",0.5,,,,,3000,30,100,10,1000,5,6000,30,15,150,110,15,PDADI,0.5,,,,,,,5000,30,6,70,100,5,23.5002,79.9938,1.13427,25.8999,1844,CH4,20250623.csv,
49797,20250725,166,Cs0.05MA0.1FA0.85PbI3.0,1.65,MACl,15.0,p-F-PEACl,2.0,,,"4,4,4-NA",0.5,,,,,3000,30,100,10,1000,5,6000,30,15,150,110,15,PDADI,0.5,,,,,,,5000,30,6,70,100,5,24.9388,81.2826,1.16085,26.4302,1845,CH1,20250623.csv,
49798,20250725,166,Cs0.05MA0.1FA0.85PbI3.0,1.65,MACl,15.0,p-F-PEACl,2.0,,,"4,4,4-NA",0.5,,,,,3000,30,100,10,1000,5,6000,30,15,150,110,15,PDADI,0.5,,,,,,,5000,30,6,70,100,5,23.7323,79.3727,1.14613,26.0878,1845,CH2,20250623.csv,
49799,20250725,166,Cs0.05MA0.1FA0.85PbI3.0,1.65,MACl,15.0,p-F-PEACl,2.0,,,"4,4,4-NA",0.5,,,,,3000,30,100,10,1000,5,6000,30,15,150,110,15,PDADI,0.5,,,,,,,5000,30,6,70,100,5,24.0732,80.1685,1.14936,26.126,1845,CH3,20250623.csv,
49800,20250725,166,Cs0.05MA0.1FA0.85PbI3.0,1.65,MACl,15.0,p-F-PEACl,2.0,,,"4,4,4-NA",0.5,,,,,3000,30,100,10,1000,5,6000,30,15,150,110,15,PDADI,0.5,,,,,,,5000,30,6,70,100,5,24.0016,80.9851,1.14652,25.8495,1845,CH4,20250623.csv,
49801,20250725,166,Cs0.05MA0.1FA0.85PbI3.0,1.65,MACl,15.0,p-F-PEACl,2.0,,,"4,4,4-NA",0.5,,,,,3000,30,100,10,1000,5,6000,30,15,150,110,15,PDADI,0.5,,,,,,,5000,30,6,70,100,5,16.6161,57.7784,1.1489,25.0312,1846,CH1,20250623.csv,
49802,20250725,166,Cs0.05MA0.1FA0.85PbI3.0,1.65,MACl,15.0,p-F-PEACl,2.0,,,"4,4,4-NA",0.5,,,,,3000,30,100,10,1000,5,6000,30,15,150,110,15,PDADI,0.5,,,,,,,5000,30,6,70,100,5,20.5392,68.8257,1.1577,25.7773,1846,CH2,20250623.csv,
49803,20250725,166,Cs0.05MA0.1FA0.85PbI3.0,1.65,MACl,15.0,p-F-PEACl,2.0,,,"4,4,4-NA",0.5,,,,,3000,30,100,10,1000,5,6000,30,15,150,110,15,PDADI,0.5,,,,,,,5000,30,6,70,100,5,20.1598,68.5493,1.14907,25.5939,1846,CH3,20250623.csv,
49804,20250725,166,Cs0.05MA0.1FA0.85PbI3.0,1.65,MACl,15.0,p-F-PEACl,2.0,,,"4,4,4-NA",0.5,,,,,3000,30,100,10,1000,5,6000,30,15,150,110,15,PDADI,0.5,,,,,,,5000,30,6,70,100,5,21.8582,73.1162,1.1457,26.0933,1846,CH4,20250623.csv,
49805,20250725,166,Cs0.05MA0.1FA0.85PbI3.0,1.65,MACl,15.0,p-F-PEACl,2.0,,,"4,4,4-NA",0.5,,,,,3000,30,100,10,1000,5,6000,30,15,150,110,15,PDADI,0.5,,,,,,,5000,30,6,70,100,5,19.2297,62.7812,1.15834,26.4428,1847,CH1,20250623.csv,
49806,20250725,166,Cs0.05MA0.1FA0.85PbI3.0,1.65,MACl,15.0,p-F-PEACl,2.0,,,"4,4,4-NA",0.5,,,,,3000,30,100,10,1000,5,6000,30,15,150,110,15,PDADI,0.5,,,,,,,5000,30,6,70,100,5,23.5809,77.6756,1.15747,26.2281,1847,CH2,20250623.csv,
49807,20250725,166,Cs0.05MA0.1FA0.85PbI3.0,1.65,MACl,15.0,p-F-PEACl,2.0,,,"4,4,4-NA",0.5,,,,,3000,30,100,10,1000,5,6000,30,15,150,110,15,PDADI,0.5,,,,,,,5000,30,6,70,100,5,23.3912,79.1945,1.14815,25.7252,1847,CH3,20250623.csv,
49808,20250725,166,Cs0.05MA0.1FA0.85PbI3.0,1.65,MACl,15.0,p-F-PEACl,2.0,,,"4,4,4-NA",0.5,,,,,3000,30,100,10,1000,5,6000,30,15,150,110,15,PDADI,0.5,,,,,,,5000,30,6,70,100,5,23.3704,79.223,1.149,25.6741,1847,CH4,20250623.csv,
49809,20250726,167,Cs0.05MA0.1FA0.85PbI3.0,1.65,MACl,15.0,p-F-PEACl,2.0,,,"4,4,4-NA",0.5,,,,,3000,30,100,10,1000,5,5500,30,12,150,110,15,PDADI,0.5,,,,,,,5000,30,6,70,100,5,23.1627,79.3545,1.1778,24.7826,1848,CH1,20250624.csv,
49810,20250726,167,Cs0.05MA0.1FA0.85PbI3.0,1.65,MACl,15.0,p-F-PEACl,2.0,,,"4,4,4-NA",0.5,,,,,3000,30,100,10,1000,5,5500,30,12,150,110,15,PDADI,0.5,,,,,,,5000,30,6,70,100,5,23.8443,81.0213,1.17361,25.0762,1848,CH2,20250624.csv,
49811,20250726,167,Cs0.05MA0.1FA0.85PbI3.0,1.65,MACl,15.0,p-F-PEACl,2.0,,,"4,4,4-NA",0.5,,,,,3000,30,100,10,1000,5,5500,30,12,150,110,15,PDADI,0.5,,,,,,,5000,30,6,70,100,5,23.8674,80.8575,1.17081,25.2114,1848,CH3,20250624.csv,
49812,20250726,167,Cs0.05MA0.1FA0.85PbI3.0,1.65,MACl,15.0,p-F-PEACl,2.0,,,"4,4,4-NA",0.5,,,,,3000,30,100,10,1000,5,5500,30,12,150,110,15,PDADI,0.5,,,,,,,5000,30,6,70,100,5,24.0206,81.1071,1.17107,25.2896,1848,CH4,20250624.csv,
49813,20250726,167,Cs0.05MA0.1FA0.85PbI3.0,1.65,MACl,15.0,p-F-PEACl,2.0,,,"4,4,4-NA",0.5,,,,,3000,30,100,10,1000,5,5500,30,12,150,110,15,PDADI,0.5,,,,,,,5000,30,6,70,100,5,23.3727,79.47,1.17644,24.9998,1849,CH1,20250624.csv,
49814,20250726,167,Cs0.05MA0.1FA0.85PbI3.0,1.65,MACl,15.0,p-F-PEACl,2.0,,,"4,4,4-NA",0.5,,,,,3000,30,100,10,1000,5,5500,30,12,150,110,15,PDADI,0.5,,,,,,,5000,30,6,70,100,5,23.5687,80.1885,1.17294,25.0582,1849,CH2,20250624.csv,
49815,20250726,167,Cs0.05MA0.1FA0.85PbI3.0,1.65,MACl,15.0,p-F-PEACl,2.0,,,"4,4,4-NA",0.5,,,,,3000,30,100,10,1000,5,5500,30,12,150,110,15,PDADI,0.5,,,,,,,5000,30,6,70,100,5,23.5745,80.5686,1.16912,25.0275,1849,CH3,20250624.csv,
49816,20250726,167,Cs0.05MA0.1FA0.85PbI3.0,1.65,MACl,15.0,p-F-PEACl,2.0,,,"4,4,4-NA",0.5,,,,,3000,30,100,10,1000,5,5500,30,12,150,110,15,PDADI,0.5,,,,,,,5000,30,6,70,100,5,23.4785,80.7929,1.1684,24.8717,1849,CH4,20250624.csv,
49817,20250726,167,Cs0.05MA0.1FA0.85PbI3.0,1.65,MACl,15.0,p-F-PEACl,2.0,,,"4,4,4-NA",0.5,,,,,3000,30,100,10,1000,5,5500,30,12,150,110,15,PDADI,0.5,,,,,,,5000,30,6,70,100,5,23.1409,71.7518,1.17804,27.3772,1850,CH1,20250624.csv,
49818,20250726,167,Cs0.05MA0.1FA0.85PbI3.0,1.65,MACl,15.0,p-F-PEACl,2.0,,,"4,4,4-NA",0.5,,,,,3000,30,100,10,1000,5,5500,30,12,150,110,15,PDADI,0.5,,,,,,,5000,30,6,70,100,5,23.7248,73.9298,1.17238,27.3725,1850,CH2,20250624.csv,
49819,20250726,167,Cs0.05MA0.1FA0.85PbI3.0,1.65,MACl,15.0,p-F-PEACl,2.0,,,"4,4,4-NA",0.5,,,,,3000,30,100,10,1000,5,5500,30,12,150,110,15,PDADI,0.5,,,,,,,5000,30,6,70,100,5,23.6863,74.7064,1.16343,27.2521,1850,CH3,20250624.csv,
49820,20250726,167,Cs0.05MA0.1FA0.85PbI3.0,1.65,MACl,15.0,p-F-PEACl,2.0,,,"4,4,4-NA",0.5,,,,,3000,30,100,10,1000,5,5500,30,12,150,110,15,PDADI,0.5,,,,,,,5000,30,6,70,100,5,23.6892,75.6385,1.15874,27.0283,1850,CH4,20250624.csv,
49821,20250726,167,Cs0.05MA0.1FA0.85PbI3.0,1.65,MACl,15.0,p-F-PEACl,2.0,,,"4,4,4-NA",0.5,,,,,3000,30,100,10,1000,5,5500,30,12,150,110,15,PDADI,0.5,,,,,,,5000,30,6,70,100,5,21.8515,69.6317,1.17982,26.5985,1851,CH1,20250624.csv,
49822,20250726,167,Cs0.05MA0.1FA0.85PbI3.0,1.65,MACl,15.0,p-F-PEACl,2.0,,,"4,4,4-NA",0.5,,,,,3000,30,100,10,1000,5,5500,30,12,150,110,15,PDADI,0.5,,,,,,,5000,30,6,70,100,5,23.0438,73.7364,1.17452,26.6081,1851,CH2,20250624.csv,
49823,20250726,167,Cs0.05MA0.1FA0.85PbI3.0,1.65,MACl,15.0,p-F-PEACl,2.0,,,"4,4,4-NA",0.5,,,,,3000,30,100,10,1000,5,5500,30,12,150,110,15,PDADI,0.5,,,,,,,5000,30,6,70,100,5,23.2226,75.2593,1.16639,26.455,1851,CH3,20250624.csv,
49824,20250726,167,Cs0.05MA0.1FA0.85PbI3.0,1.65,MACl,15.0,p-F-PEACl,2.0,,,"4,4,4-NA",0.5,,,,,3000,30,100,10,1000,5,5500,30,12,150,110,15,PDADI,0.5,,,,,,,5000,30,6,70,100,5,22.7805,75.191,1.15554,26.2188,1851,CH4,20250624.csv,
49825,20250726,167,Cs0.05MA0.1FA0.85PbI3.0,1.65,MACl,15.0,p-F-PEACl,2.0,,,"4,4,4-NA",0.5,,,,,3000,30,100,10,1000,5,5500,30,12,150,110,15,PDADI,0.5,,,,,,,5000,30,6,70,100,5,23.2941,80.2398,1.18334,24.5328,1852,CH1,20250624.csv,
49826,20250726,167,Cs0.05MA0.1FA0.85PbI3.0,1.65,MACl,15.0,p-F-PEACl,2.0,,,"4,4,4-NA",0.5,,,,,3000,30,100,10,1000,5,5500,30,12,150,110,15,PDADI,0.5,,,,,,,5000,30,6,70,100,5,23.2705,79.9631,1.17793,24.7057,1852,CH2,20250624.csv,
49827,20250726,167,Cs0.05MA0.1FA0.85PbI3.0,1.65,MACl,15.0,p-F-PEACl,2.0,,,"4,4,4-NA",0.5,,,,,3000,30,100,10,1000,5,5500,30,12,150,110,15,PDADI,0.5,,,,,,,5000,30,6,70,100,5,23.2032,80.0566,1.17417,24.6843,1852,CH3,20250624.csv,
49828,20250726,167,Cs0.05MA0.1FA0.85PbI3.0,1.65,MACl,15.0,p-F-PEACl,2.0,,,"4,4,4-NA",0.5,,,,,3000,30,100,10,1000,5,5500,30,12,150,110,15,PDADI,0.5,,,,,,,5000,30,6,70,100,5,23.0012,80.1285,1.17294,24.473,1852,CH4,20250624.csv,
49829,20250726,167,Cs0.05MA0.1FA0.85PbI3.0,1.65,MACl,15.0,p-F-PEACl,2.0,,,"4,4,4-NA",0.5,,,,,3000,30,100,10,1000,5,5500,30,12,150,110,15,PDADI,0.5,,,,,,,5000,30,6,70,100,5,23.271,80.8571,1.17979,24.3946,1853,CH1,20250624.csv,
49830,20250726,167,Cs0.05MA0.1FA0.85PbI3.0,1.65,MACl,15.0,p-F-PEACl,2.0,,,"4,4,4-NA",0.5,,,,,3000,30,100,10,1000,5,5500,30,12,150,110,15,PDADI,0.5,,,,,,,5000,30,6,70,100,5,23.1047,80.2684,1.17495,24.4983,1853,CH2,20250624.csv,
49831,20250726,167,Cs0.05MA0.1FA0.85PbI3.0,1.65,MACl,15.0,p-F-PEACl,2.0,,,"4,4,4-NA",0.5,,,,,3000,30,100,10,1000,5,5500,30,12,150,110,15,PDADI,0.5,,,,,,,5000,30,6,70,100,5,23.0782,80.6851,1.17185,24.4082,1853,CH3,20250624.csv,
49832,20250726,167,Cs0.05MA0.1FA0.85PbI3.0,1.65,MACl,15.0,p-F-PEACl,2.0,,,"4,4,4-NA",0.5,,,,,3000,30,100,10,1000,5,5500,30,12,150,110,15,PDADI,0.5,,,,,,,5000,30,6,70,100,5,22.6556,80.2079,1.17036,24.1345,1853,CH4,20250624.csv,
49833,20250726,167,Cs0.05MA0.1FA0.85PbI3.0,1.65,MACl,15.0,p-F-PEACl,2.0,,,"4,4,4-NA",0.5,,,,,3000,30,100,10,1000,5,5500,30,15,150,110,15,PDADI,0.5,,,,,,,5000,30,6,70,100,5,16.2238,60.2181,1.08739,24.7764,1854,CH1,20250624.csv,
49834,20250726,167,Cs0.05MA0.1FA0.85PbI3.0,1.65,MACl,15.0,p-F-PEACl,2.0,,,"4,4,4-NA",0.5,,,,,3000,30,100,10,1000,5,5500,30,15,150,110,15,PDADI,0.5,,,,,,,5000,30,6,70,100,5,23.0032,78.8359,1.16785,24.9849,1854,CH2,20250624.csv,
49835,20250726,167,Cs0.05MA0.1FA0.85PbI3.0,1.65,MACl,15.0,p-F-PEACl,2.0,,,"4,4,4-NA",0.5,,,,,3000,30,100,10,1000,5,5500,30,15,150,110,15,PDADI,0.5,,,,,,,5000,30,6,70,100,5,23.2006,79.5757,1.16522,25.0214,1854,CH3,20250624.csv,
49836,20250726,167,Cs0.05MA0.1FA0.85PbI3.0,1.65,MACl,15.0,p-F-PEACl,2.0,,,"4,4,4-NA",0.5,,,,,3000,30,100,10,1000,5,5500,30,15,150,110,15,PDADI,0.5,,,,,,,5000,30,6,70,100,5,23.1705,80.0557,1.16468,24.8506,1854,CH4,20250624.csv,
49837,20250726,167,Cs0.05MA0.1FA0.85PbI3.0,1.65,MACl,15.0,p-F-PEACl,2.0,,,"4,4,4-NA",0.5,,,,,3000,30,100,10,1000,5,5500,30,15,150,110,15,PDADI,0.5,,,,,,,5000,30,6,70,100,5,21.8431,76.8409,1.18593,23.9697,1855,CH1,20250624.csv,
49838,20250726,167,Cs0.05MA0.1FA0.85PbI3.0,1.65,MACl,15.0,p-F-PEACl,2.0,,,"4,4,4-NA",0.5,,,,,3000,30,100,10,1000,5,5500,30,15,150,110,15,PDADI,0.5,,,,,,,5000,30,6,70,100,5,21.9123,77.8226,1.17734,23.9155,1855,CH2,20250624.csv,
49839,20250726,167,Cs0.05MA0.1FA0.85PbI3.0,1.65,MACl,15.0,p-F-PEACl,2.0,,,"4,4,4-NA",0.5,,,,,3000,30,100,10,1000,5,5500,30,15,150,110,15,PDADI,0.5,,,,,,,5000,30,6,70,100,5,21.9529,78.3121,1.17692,23.8185,1855,CH3,20250624.csv,
49840,20250726,167,Cs0.05MA0.1FA0.85PbI3.0,1.65,MACl,15.0,p-F-PEACl,2.0,,,"4,4,4-NA",0.5,,,,,3000,30,100,10,1000,5,5500,30,15,150,110,15,PDADI,0.5,,,,,,,5000,30,6,70,100,5,21.754,79.0267,1.1688,23.5517,1855,CH4,20250624.csv,
49841,20250726,167,Cs0.05MA0.1FA0.85PbI3.0,1.65,MACl,15.0,p-F-PEACl,2.0,,,"4,4,4-NA",0.5,,,,,3000,30,100,10,1000,5,5500,30,15,150,110,15,PDADI,0.5,,,,,,,5000,30,6,70,100,5,24.7567,82.3107,1.17365,25.6269,1856,CH1,20250624.csv,
49842,20250726,167,Cs0.05MA0.1FA0.85PbI3.0,1.65,MACl,15.0,p-F-PEACl,2.0,,,"4,4,4-NA",0.5,,,,,3000,30,100,10,1000,5,5500,30,15,150,110,15,PDADI,0.5,,,,,,,5000,30,6,70,100,5,24.5949,82.215,1.16707,25.6329,1856,CH2,20250624.csv,
49843,20250726,167,Cs0.05MA0.1FA0.85PbI3.0,1.65,MACl,15.0,p-F-PEACl,2.0,,,"4,4,4-NA",0.5,,,,,3000,30,100,10,1000,5,5500,30,15,150,110,15,PDADI,0.5,,,,,,,5000,30,6,70,100,5,24.3562,82.4533,1.15746,25.5209,1856,CH3,20250624.csv,
49844,20250726,167,Cs0.05MA0.1FA0.85PbI3.0,1.65,MACl,15.0,p-F-PEACl,2.0,,,"4,4,4-NA",0.5,,,,,3000,30,100,10,1000,5,5500,30,15,150,110,15,PDADI,0.5,,,,,,,5000,30,6,70,100,5,22.3451,76.2303,1.15108,25.4653,1856,CH4,20250624.csv,
49845,20250726,167,Cs0.05MA0.1FA0.85PbI3.0,1.65,MACl,15.0,p-F-PEACl,2.0,,,"4,4,4-NA",0.5,,,,,3000,30,100,10,1000,5,5500,30,15,150,110,15,PDADI,0.5,,,,,,,5000,30,6,70,100,5,24.2116,82.1287,1.15658,25.4891,1857,CH1,20250624.csv,
49846,20250726,167,Cs0.05MA0.1FA0.85PbI3.0,1.65,MACl,15.0,p-F-PEACl,2.0,,,"4,4,4-NA",0.5,,,,,3000,30,100,10,1000,5,5500,30,15,150,110,15,PDADI,0.5,,,,,,,5000,30,6,70,100,5,23.52,80.5049,1.14413,25.5353,1857,CH2,20250624.csv,
49847,20250726,167,Cs0.05MA0.1FA0.85PbI3.0,1.65,MACl,15.0,p-F-PEACl,2.0,,,"4,4,4-NA",0.5,,,,,3000,30,100,10,1000,5,5500,30,15,150,110,15,PDADI,0.5,,,,,,,5000,30,6,70,100,5,23.6579,81.4145,1.1405,25.4788,1857,CH3,20250624.csv,
49848,20250726,167,Cs0.05MA0.1FA0.85PbI3.0,1.65,MACl,15.0,p-F-PEACl,2.0,,,"4,4,4-NA",0.5,,,,,3000,30,100,10,1000,5,5500,30,15,150,110,15,PDADI,0.5,,,,,,,5000,30,6,70,100,5,23.8014,81.9152,1.14768,25.3174,1857,CH4,20250624.csv,
49849,20250726,167,Cs0.05MA0.1FA0.85PbI3.0,1.65,MACl,15.0,p-F-PEACl,2.0,,,"4,4,4-NA",0.5,,,,,3000,30,100,10,1000,5,5500,30,15,150,110,15,PDADI,0.5,,,,,,,5000,30,6,70,100,5,24.8657,81.283,1.1771,25.9887,1858,CH1,20250624.csv,
49850,20250726,167,Cs0.05MA0.1FA0.85PbI3.0,1.65,MACl,15.0,p-F-PEACl,2.0,,,"4,4,4-NA",0.5,,,,,3000,30,100,10,1000,5,5500,30,15,150,110,15,PDADI,0.5,,,,,,,5000,30,6,70,100,5,24.1776,79.5173,1.16541,26.0899,1858,CH2,20250624.csv,
49851,20250726,167,Cs0.05MA0.1FA0.85PbI3.0,1.65,MACl,15.0,p-F-PEACl,2.0,,,"4,4,4-NA",0.5,,,,,3000,30,100,10,1000,5,5500,30,15,150,110,15,PDADI,0.5,,,,,,,5000,30,6,70,100,5,18.061,61.0644,1.14112,25.9191,1858,CH3,20250624.csv,
49852,20250726,167,Cs0.05MA0.1FA0.85PbI3.0,1.65,MACl,15.0,p-F-PEACl,2.0,,,"4,4,4-NA",0.5,,,,,3000,30,100,10,1000,5,5500,30,15,150,110,15,PDADI,0.5,,,,,,,5000,30,6,70,100,5,23.7699,78.9735,1.15724,26.009,1858,CH4,20250624.csv,
49853,20250726,167,Cs0.05MA0.1FA0.85PbI3.0,1.65,MACl,15.0,p-F-PEACl,2.0,,,"4,4,4-NA",0.5,,,,,3000,30,100,10,1000,5,5500,30,15,150,110,15,PDADI,0.5,,,,,,,5000,30,6,70,100,5,23.5096,80.7333,1.1799,24.6802,1859,CH1,20250624.csv,
49854,20250726,167,Cs0.05MA0.1FA0.85PbI3.0,1.65,MACl,15.0,p-F-PEACl,2.0,,,"4,4,4-NA",0.5,,,,,3000,30,100,10,1000,5,5500,30,15,150,110,15,PDADI,0.5,,,,,,,5000,30,6,70,100,5,23.3183,79.9322,1.17435,24.8415,1859,CH2,20250624.csv,
49855,20250726,167,Cs0.05MA0.1FA0.85PbI3.0,1.65,MACl,15.0,p-F-PEACl,2.0,,,"4,4,4-NA",0.5,,,,,3000,30,100,10,1000,5,5500,30,15,150,110,15,PDADI,0.5,,,,,,,5000,30,6,70,100,5,22.9886,79.5317,1.16912,24.7237,1859,CH3,20250624.csv,
49856,20250726,167,Cs0.05MA0.1FA0.85PbI3.0,1.65,MACl,15.0,p-F-PEACl,2.0,,,"4,4,4-NA",0.5,,,,,3000,30,100,10,1000,5,5500,30,15,150,110,15,PDADI,0.5,,,,,,,5000,30,6,70,100,5,22.8655,80.2482,1.16608,24.4352,1859,CH4,20250624.csv,
49857,20250726,167,Cs0.05MA0.1FA0.85PbI3.0,1.65,MACl,15.0,m-F-PEACl,2.0,,,"4,4,4-NA",0.5,,,,,3000,30,100,10,1000,5,5500,30,12,150,110,15,PDADI,0.5,,,,,,,5000,30,6,70,100,5,23.8188,80.246,1.17992,25.1561,1860,CH1,20250624.csv,
49858,20250726,167,Cs0.05MA0.1FA0.85PbI3.0,1.65,MACl,15.0,m-F-PEACl,2.0,,,"4,4,4-NA",0.5,,,,,3000,30,100,10,1000,5,5500,30,12,150,110,15,PDADI,0.5,,,,,,,5000,30,6,70,100,5,23.6954,80.5111,1.17311,25.0883,1860,CH2,20250624.csv,
49859,20250726,167,Cs0.05MA0.1FA0.85PbI3.0,1.65,MACl,15.0,m-F-PEACl,2.0,,,"4,4,4-NA",0.5,,,,,3000,30,100,10,1000,5,5500,30,12,150,110,15,PDADI,0.5,,,,,,,5000,30,6,70,100,5,23.3983,79.5936,1.1659,25.2141,1860,CH3,20250624.csv,
49860,20250726,167,Cs0.05MA0.1FA0.85PbI3.0,1.65,MACl,15.0,m-F-PEACl,2.0,,,"4,4,4-NA",0.5,,,,,3000,30,100,10,1000,5,5500,30,12,150,110,15,PDADI,0.5,,,,,,,5000,30,6,70,100,5,23.6775,80.9276,1.16513,25.111,1860,CH4,20250624.csv,
49861,20250726,167,Cs0.05MA0.1FA0.85PbI3.0,1.65,MACl,15.0,m-F-PEACl,2.0,,,"4,4,4-NA",0.5,,,,,3000,30,100,10,1000,5,5500,30,12,150,110,15,PDADI,0.5,,,,,,,5000,30,6,70,100,5,23.6228,80.8343,1.1736,24.9009,1861,CH1,20250624.csv,
49862,20250726,167,Cs0.05MA0.1FA0.85PbI3.0,1.65,MACl,15.0,m-F-PEACl,2.0,,,"4,4,4-NA",0.5,,,,,3000,30,100,10,1000,5,5500,30,12,150,110,15,PDADI,0.5,,,,,,,5000,30,6,70,100,5,23.9076,80.5505,1.16732,25.4261,1861,CH2,20250624.csv,
49863,20250726,167,Cs0.05MA0.1FA0.85PbI3.0,1.65,MACl,15.0,m-F-PEACl,2.0,,,"4,4,4-NA",0.5,,,,,3000,30,100,10,1000,5,5500,30,12,150,110,15,PDADI,0.5,,,,,,,5000,30,6,70,100,5,24.1626,80.4723,1.16205,25.8388,1861,CH3,20250624.csv,
49864,20250726,167,Cs0.05MA0.1FA0.85PbI3.0,1.65,MACl,15.0,m-F-PEACl,2.0,,,"4,4,4-NA",0.5,,,,,3000,30,100,10,1000,5,5500,30,12,150,110,15,PDADI,0.5,,,,,,,5000,30,6,70,100,5,24.3209,80.4854,1.15755,26.1049,1861,CH4,20250624.csv,
49865,20250726,167,Cs0.05MA0.1FA0.85PbI3.0,1.65,MACl,15.0,m-F-PEACl,2.0,,,"4,4,4-NA",0.5,,,,,3000,30,100,10,1000,5,5500,30,12,150,110,15,PDADI,0.5,,,,,,,5000,30,6,70,100,5,21.154,71.738,1.18635,24.856,1862,CH1,20250624.csv,
49866,20250726,167,Cs0.05MA0.1FA0.85PbI3.0,1.65,MACl,15.0,m-F-PEACl,2.0,,,"4,4,4-NA",0.5,,,,,3000,30,100,10,1000,5,5500,30,12,150,110,15,PDADI,0.5,,,,,,,5000,30,6,70,100,5,22.125,74.6888,1.17906,25.1243,1862,CH2,20250624.csv,
49867,20250726,167,Cs0.05MA0.1FA0.85PbI3.0,1.65,MACl,15.0,m-F-PEACl,2.0,,,"4,4,4-NA",0.5,,,,,3000,30,100,10,1000,5,5500,30,12,150,110,15,PDADI,0.5,,,,,,,5000,30,6,70,100,5,22.8277,77.0587,1.17648,25.18,1862,CH3,20250624.csv,
49868,20250726,167,Cs0.05MA0.1FA0.85PbI3.0,1.65,MACl,15.0,m-F-PEACl,2.0,,,"4,4,4-NA",0.5,,,,,3000,30,100,10,1000,5,5500,30,12,150,110,15,PDADI,0.5,,,,,,,5000,30,6,70,100,5,22.7055,77.4275,1.17104,25.0418,1862,CH4,20250624.csv,
49869,20250726,167,Cs0.05MA0.1FA0.85PbI3.0,1.65,MACl,15.0,m-F-PEACl,2.0,,,"4,4,4-NA",0.5,,,,,3000,30,100,10,1000,5,5500,30,12,150,110,15,PDADI,0.5,,,,,,,5000,30,6,70,100,5,22.7732,74.4511,1.18557,25.8004,1863,CH1,20250624.csv,
49870,20250726,167,Cs0.05MA0.1FA0.85PbI3.0,1.65,MACl,15.0,m-F-PEACl,2.0,,,"4,4,4-NA",0.5,,,,,3000,30,100,10,1000,5,5500,30,12,150,110,15,PDADI,0.5,,,,,,,5000,30,6,70,100,5,23.4353,76.5328,1.17763,26.0025,1863,CH2,20250624.csv,
49871,20250726,167,Cs0.05MA0.1FA0.85PbI3.0,1.65,MACl,15.0,m-F-PEACl,2.0,,,"4,4,4-NA",0.5,,,,,3000,30,100,10,1000,5,5500,30,12,150,110,15,PDADI,0.5,,,,,,,5000,30,6,70,100,5,23.6707,77.8565,1.17096,25.9642,1863,CH3,20250624.csv,
49872,20250726,167,Cs0.05MA0.1FA0.85PbI3.0,1.65,MACl,15.0,m-F-PEACl,2.0,,,"4,4,4-NA",0.5,,,,,3000,30,100,10,1000,5,5500,30,12,150,110,15,PDADI,0.5,,,,,,,5000,30,6,70,100,5,23.313,77.4314,1.16341,25.879,1863,CH4,20250624.csv,
49873,20250726,167,Cs0.05MA0.1FA0.85PbI3.0,1.65,MACl,15.0,m-F-PEACl,2.0,,,"4,4,4-NA",0.5,,,,,3000,30,100,10,1000,5,5500,30,12,150,110,15,PDADI,0.5,,,,,,,5000,30,6,70,100,5,23.394,81.6173,1.18697,24.148,1864,CH1,20250624.csv,
49874,20250726,167,Cs0.05MA0.1FA0.85PbI3.0,1.65,MACl,15.0,m-F-PEACl,2.0,,,"4,4,4-NA",0.5,,,,,3000,30,100,10,1000,5,5500,30,12,150,110,15,PDADI,0.5,,,,,,,5000,30,6,70,100,5,23.7824,81.756,1.18364,24.5763,1864,CH2,20250624.csv,
49875,20250726,167,Cs0.05MA0.1FA0.85PbI3.0,1.65,MACl,15.0,m-F-PEACl,2.0,,,"4,4,4-NA",0.5,,,,,3000,30,100,10,1000,5,5500,30,12,150,110,15,PDADI,0.5,,,,,,,5000,30,6,70,100,5,23.8281,81.4397,1.17864,24.8241,1864,CH3,20250624.csv,
49876,20250726,167,Cs0.05MA0.1FA0.85PbI3.0,1.65,MACl,15.0,m-F-PEACl,2.0,,,"4,4,4-NA",0.5,,,,,3000,30,100,10,1000,5,5500,30,12,150,110,15,PDADI,0.5,,,,,,,5000,30,6,70,100,5,23.9234,81.8756,1.17561,24.8544,1864,CH4,20250624.csv,
49877,20250726,167,Cs0.05MA0.1FA0.85PbI3.0,1.65,MACl,15.0,m-F-PEACl,2.0,,,"4,4,4-NA",0.5,,,,,3000,30,100,10,1000,5,5500,30,12,150,110,15,PDADI,0.5,,,,,,,5000,30,6,70,100,5,24.0329,80.9421,1.19293,24.8895,1865,CH1,20250624.csv,
49878,20250726,167,Cs0.05MA0.1FA0.85PbI3.0,1.65,MACl,15.0,m-F-PEACl,2.0,,,"4,4,4-NA",0.5,,,,,3000,30,100,10,1000,5,5500,30,12,150,110,15,PDADI,0.5,,,,,,,5000,30,6,70,100,5,23.8181,80.85,1.18582,24.8432,1865,CH2,20250624.csv,
49879,20250726,167,Cs0.05MA0.1FA0.85PbI3.0,1.65,MACl,15.0,m-F-PEACl,2.0,,,"4,4,4-NA",0.5,,,,,3000,30,100,10,1000,5,5500,30,12,150,110,15,PDADI,0.5,,,,,,,5000,30,6,70,100,5,22.3794,77.1478,1.1753,24.6819,1865,CH3,20250624.csv,
49880,20250726,167,Cs0.05MA0.1FA0.85PbI3.0,1.65,MACl,15.0,m-F-PEACl,2.0,,,"4,4,4-NA",0.5,,,,,3000,30,100,10,1000,5,5500,30,12,150,110,15,PDADI,0.5,,,,,,,5000,30,6,70,100,5,10.3752,40.7014,1.05304,24.2071,1865,CH4,20250624.csv,
49881,20250726,167,Cs0.05MA0.1FA0.85PbI3.0,1.65,MACl,15.0,m-F-PEACl,2.0,,,"4,4,4-NA",0.5,,,,,3000,30,100,10,1000,5,5500,30,15,150,110,15,PDADI,0.5,,,,,,,5000,30,6,70,100,5,24.2259,82.8181,1.19241,24.5318,1866,CH1,20250624.csv,
49882,20250726,167,Cs0.05MA0.1FA0.85PbI3.0,1.65,MACl,15.0,m-F-PEACl,2.0,,,"4,4,4-NA",0.5,,,,,3000,30,100,10,1000,5,5500,30,15,150,110,15,PDADI,0.5,,,,,,,5000,30,6,70,100,5,24.1881,82.8625,1.18591,24.6146,1866,CH2,20250624.csv,
49883,20250726,167,Cs0.05MA0.1FA0.85PbI3.0,1.65,MACl,15.0,m-F-PEACl,2.0,,,"4,4,4-NA",0.5,,,,,3000,30,100,10,1000,5,5500,30,15,150,110,15,PDADI,0.5,,,,,,,5000,30,6,70,100,5,23.7032,82.3065,1.17926,24.4209,1866,CH3,20250624.csv,
49884,20250726,167,Cs0.05MA0.1FA0.85PbI3.0,1.65,MACl,15.0,m-F-PEACl,2.0,,,"4,4,4-NA",0.5,,,,,3000,30,100,10,1000,5,5500,30,15,150,110,15,PDADI,0.5,,,,,,,5000,30,6,70,100,5,23.3719,82.6136,1.17489,24.0793,1866,CH4,20250624.csv,
49885,20250726,167,Cs0.05MA0.1FA0.85PbI3.0,1.65,MACl,15.0,m-F-PEACl,2.0,,,"4,4,4-NA",0.5,,,,,3000,30,100,10,1000,5,5500,30,15,150,110,15,PDADI,0.5,,,,,,,5000,30,6,70,100,5,21.0223,73.0515,1.18652,24.2536,1867,CH1,20250624.csv,
49886,20250726,167,Cs0.05MA0.1FA0.85PbI3.0,1.65,MACl,15.0,m-F-PEACl,2.0,,,"4,4,4-NA",0.5,,,,,3000,30,100,10,1000,5,5500,30,15,150,110,15,PDADI,0.5,,,,,,,5000,30,6,70,100,5,21.7752,76.0448,1.17826,24.3026,1867,CH2,20250624.csv,
49887,20250726,167,Cs0.05MA0.1FA0.85PbI3.0,1.65,MACl,15.0,m-F-PEACl,2.0,,,"4,4,4-NA",0.5,,,,,3000,30,100,10,1000,5,5500,30,15,150,110,15,PDADI,0.5,,,,,,,5000,30,6,70,100,5,21.6166,76.6323,1.16914,24.1273,1867,CH3,20250624.csv,
49888,20250726,167,Cs0.05MA0.1FA0.85PbI3.0,1.65,MACl,15.0,m-F-PEACl,2.0,,,"4,4,4-NA",0.5,,,,,3000,30,100,10,1000,5,5500,30,15,150,110,15,PDADI,0.5,,,,,,,5000,30,6,70,100,5,20.9726,76.2821,1.16317,23.6367,1867,CH4,20250624.csv,
49889,20250726,167,Cs0.05MA0.1FA0.85PbI3.0,1.65,MACl,15.0,m-F-PEACl,2.0,,,"4,4,4-NA",0.5,,,,,3000,30,100,10,1000,5,5500,30,15,150,110,15,PDADI,0.5,,,,,,,5000,30,6,70,100,5,22.6905,80.3939,1.1673,24.1792,1868,CH1,20250624.csv,
49890,20250726,167,Cs0.05MA0.1FA0.85PbI3.0,1.65,MACl,15.0,m-F-PEACl,2.0,,,"4,4,4-NA",0.5,,,,,3000,30,100,10,1000,5,5500,30,15,150,110,15,PDADI,0.5,,,,,,,5000,30,6,70,100,5,23.0523,82.1515,1.15627,24.2683,1868,CH2,20250624.csv,
49891,20250726,167,Cs0.05MA0.1FA0.85PbI3.0,1.65,MACl,15.0,m-F-PEACl,2.0,,,"4,4,4-NA",0.5,,,,,3000,30,100,10,1000,5,5500,30,15,150,110,15,PDADI,0.5,,,,,,,5000,30,6,70,100,5,22.8907,82.0431,1.14767,24.3109,1868,CH3,20250624.csv,
49892,20250726,167,Cs0.05MA0.1FA0.85PbI3.0,1.65,MACl,15.0,m-F-PEACl,2.0,,,"4,4,4-NA",0.5,,,,,3000,30,100,10,1000,5,5500,30,15,150,110,15,PDADI,0.5,,,,,,,5000,30,6,70,100,5,23.0037,82.7063,1.14991,24.1878,1868,CH4,20250624.csv,
49893,20250726,167,Cs0.05MA0.1FA0.85PbI3.0,1.65,MACl,15.0,m-F-PEACl,2.0,,,"4,4,4-NA",0.5,,,,,3000,30,100,10,1000,5,5500,30,15,150,110,15,PDADI,0.5,,,,,,,5000,30,6,70,100,5,26.2378,80.4207,1.16445,28.018,1869,CH1,20250624.csv,
49894,20250726,167,Cs0.05MA0.1FA0.85PbI3.0,1.65,MACl,15.0,m-F-PEACl,2.0,,,"4,4,4-NA",0.5,,,,,3000,30,100,10,1000,5,5500,30,15,150,110,15,PDADI,0.5,,,,,,,5000,30,6,70,100,5,25.6571,80.3711,1.14667,27.8399,1869,CH2,20250624.csv,
49895,20250726,167,Cs0.05MA0.1FA0.85PbI3.0,1.65,MACl,15.0,m-F-PEACl,2.0,,,"4,4,4-NA",0.5,,,,,3000,30,100,10,1000,5,5500,30,15,150,110,15,PDADI,0.5,,,,,,,5000,30,6,70,100,5,25.2737,80.3124,1.13894,27.6303,1869,CH3,20250624.csv,
49896,20250726,167,Cs0.05MA0.1FA0.85PbI3.0,1.65,MACl,15.0,m-F-PEACl,2.0,,,"4,4,4-NA",0.5,,,,,3000,30,100,10,1000,5,5500,30,15,150,110,15,PDADI,0.5,,,,,,,5000,30,6,70,100,5,25.3696,81.0924,1.14295,27.3721,1869,CH4,20250624.csv,
49897,20250726,167,Cs0.05MA0.1FA0.85PbI3.0,1.65,MACl,15.0,m-F-PEACl,2.0,,,"4,4,4-NA",0.5,,,,,3000,30,100,10,1000,5,5500,30,15,150,110,15,PDADI,0.5,,,,,,,5000,30,6,70,100,5,23.455,81.9968,1.17523,24.3398,1870,CH1,20250624.csv,
49898,20250726,167,Cs0.05MA0.1FA0.85PbI3.0,1.65,MACl,15.0,m-F-PEACl,2.0,,,"4,4,4-NA",0.5,,,,,3000,30,100,10,1000,5,5500,30,15,150,110,15,PDADI,0.5,,,,,,,5000,30,6,70,100,5,22.6244,80.5108,1.15413,24.3483,1870,CH2,20250624.csv,
49899,20250726,167,Cs0.05MA0.1FA0.85PbI3.0,1.65,MACl,15.0,m-F-PEACl,2.0,,,"4,4,4-NA",0.5,,,,,3000,30,100,10,1000,5,5500,30,15,150,110,15,PDADI,0.5,,,,,,,5000,30,6,70,100,5,22.3335,79.7818,1.15096,24.3217,1870,CH3,20250624.csv,
49900,20250726,167,Cs0.05MA0.1FA0.85PbI3.0,1.65,MACl,15.0,m-F-PEACl,2.0,,,"4,4,4-NA",0.5,,,,,3000,30,100,10,1000,5,5500,30,15,150,110,15,PDADI,0.5,,,,,,,5000,30,6,70,100,5,22.4116,80.6678,1.15149,24.1275,1870,CH4,20250624.csv,
49901,20250726,167,Cs0.05MA0.1FA0.85PbI3.0,1.65,MACl,15.0,m-F-PEACl,2.0,,,"4,4,4-NA",0.5,,,,,3000,30,100,10,1000,5,5500,30,15,150,110,15,PDADI,0.5,,,,,,,5000,30,6,70,100,5,25.7338,82.8911,1.17315,26.4632,1871,CH1,20250624.csv,
49902,20250726,167,Cs0.05MA0.1FA0.85PbI3.0,1.65,MACl,15.0,m-F-PEACl,2.0,,,"4,4,4-NA",0.5,,,,,3000,30,100,10,1000,5,5500,30,15,150,110,15,PDADI,0.5,,,,,,,5000,30,6,70,100,5,25.2355,81.7262,1.16106,26.5947,1871,CH2,20250624.csv,
49903,20250726,167,Cs0.05MA0.1FA0.85PbI3.0,1.65,MACl,15.0,m-F-PEACl,2.0,,,"4,4,4-NA",0.5,,,,,3000,30,100,10,1000,5,5500,30,15,150,110,15,PDADI,0.5,,,,,,,5000,30,6,70,100,5,24.7698,81.0163,1.15605,26.4468,1871,CH3,20250624.csv,
49904,20250726,167,Cs0.05MA0.1FA0.85PbI3.0,1.65,MACl,15.0,m-F-PEACl,2.0,,,"4,4,4-NA",0.5,,,,,3000,30,100,10,1000,5,5500,30,15,150,110,15,PDADI,0.5,,,,,,,5000,30,6,70,100,5,24.874,81.1906,1.16285,26.3461,1871,CH4,20250624.csv,
49905,20250726,167,Cs0.05MA0.1FA0.85PbI3.0,1.65,MACl,15.0,p-F-PEACl,2.0,,,"4,4,4-NA",0.5,,,,,3000,30,100,10,1000,5,5500,30,12,150,110,15,PDADI,0.5,,,,,,,5000,30,6,70,100,5,25.1038,82.9663,1.18543,25.5247,1872,CH1,20250624-re.csv,
49906,20250726,167,Cs0.05MA0.1FA0.85PbI3.0,1.65,MACl,15.0,p-F-PEACl,2.0,,,"4,4,4-NA",0.5,,,,,3000,30,100,10,1000,5,5500,30,12,150,110,15,PDADI,0.5,,,,,,,5000,30,6,70,100,5,24.7628,82.7986,1.17923,25.3617,1872,CH2,20250624-re.csv,
49907,20250726,167,Cs0.05MA0.1FA0.85PbI3.0,1.65,MACl,15.0,p-F-PEACl,2.0,,,"4,4,4-NA",0.5,,,,,3000,30,100,10,1000,5,5500,30,12,150,110,15,PDADI,0.5,,,,,,,5000,30,6,70,100,5,24.4955,82.9242,1.17696,25.0982,1872,CH3,20250624-re.csv,
49908,20250726,167,Cs0.05MA0.1FA0.85PbI3.0,1.65,MACl,15.0,p-F-PEACl,2.0,,,"4,4,4-NA",0.5,,,,,3000,30,100,10,1000,5,5500,30,12,150,110,15,PDADI,0.5,,,,,,,5000,30,6,70,100,5,23.964,82.8059,1.17665,24.5952,1872,CH4,20250624-re.csv,
49909,20250726,167,Cs0.05MA0.1FA0.85PbI3.0,1.65,MACl,15.0,p-F-PEACl,2.0,,,"4,4,4-NA",0.5,,,,,3000,30,100,10,1000,5,5500,30,12,150,110,15,PDADI,0.5,,,,,,,5000,30,6,70,100,5,24.6618,83.4247,1.18362,24.9757,1873,CH1,20250624-re.csv,
49910,20250726,167,Cs0.05MA0.1FA0.85PbI3.0,1.65,MACl,15.0,p-F-PEACl,2.0,,,"4,4,4-NA",0.5,,,,,3000,30,100,10,1000,5,5500,30,12,150,110,15,PDADI,0.5,,,,,,,5000,30,6,70,100,5,24.5423,83.1444,1.17718,25.075,1873,CH2,20250624-re.csv,
49911,20250726,167,Cs0.05MA0.1FA0.85PbI3.0,1.65,MACl,15.0,p-F-PEACl,2.0,,,"4,4,4-NA",0.5,,,,,3000,30,100,10,1000,5,5500,30,12,150,110,15,PDADI,0.5,,,,,,,5000,30,6,70,100,5,24.3178,82.8197,1.17311,25.0296,1873,CH3,20250624-re.csv,
49912,20250726,167,Cs0.05MA0.1FA0.85PbI3.0,1.65,MACl,15.0,p-F-PEACl,2.0,,,"4,4,4-NA",0.5,,,,,3000,30,100,10,1000,5,5500,30,12,150,110,15,PDADI,0.5,,,,,,,5000,30,6,70,100,5,24.1649,82.9395,1.17141,24.8723,1873,CH4,20250624-re.csv,
49913,20250726,167,Cs0.05MA0.1FA0.85PbI3.0,1.65,MACl,15.0,p-F-PEACl,2.0,,,"4,4,4-NA",0.5,,,,,3000,30,100,10,1000,5,5500,30,12,150,110,15,PDADI,0.5,,,,,,,5000,30,6,70,100,5,26.0641,81.1592,1.18172,27.1762,1874,CH1,20250624-re.csv,
49914,20250726,167,Cs0.05MA0.1FA0.85PbI3.0,1.65,MACl,15.0,p-F-PEACl,2.0,,,"4,4,4-NA",0.5,,,,,3000,30,100,10,1000,5,5500,30,12,150,110,15,PDADI,0.5,,,,,,,5000,30,6,70,100,5,25.5299,80.1177,1.17266,27.1737,1874,CH2,20250624-re.csv,
49915,20250726,167,Cs0.05MA0.1FA0.85PbI3.0,1.65,MACl,15.0,p-F-PEACl,2.0,,,"4,4,4-NA",0.5,,,,,3000,30,100,10,1000,5,5500,30,12,150,110,15,PDADI,0.5,,,,,,,5000,30,6,70,100,5,25.1614,79.6596,1.16729,27.0594,1874,CH3,20250624-re.csv,
49916,20250726,167,Cs0.05MA0.1FA0.85PbI3.0,1.65,MACl,15.0,p-F-PEACl,2.0,,,"4,4,4-NA",0.5,,,,,3000,30,100,10,1000,5,5500,30,12,150,110,15,PDADI,0.5,,,,,,,5000,30,6,70,100,5,24.521,78.4777,1.16416,26.8399,1874,CH4,20250624-re.csv,
49917,20250726,167,Cs0.05MA0.1FA0.85PbI3.0,1.65,MACl,15.0,p-F-PEACl,2.0,,,"4,4,4-NA",0.5,,,,,3000,30,100,10,1000,5,5500,30,12,150,110,15,PDADI,0.5,,,,,,,5000,30,6,70,100,5,25.2687,81.158,1.18157,26.3506,1875,CH1,20250624-re.csv,
49918,20250726,167,Cs0.05MA0.1FA0.85PbI3.0,1.65,MACl,15.0,p-F-PEACl,2.0,,,"4,4,4-NA",0.5,,,,,3000,30,100,10,1000,5,5500,30,12,150,110,15,PDADI,0.5,,,,,,,5000,30,6,70,100,5,25.0565,80.568,1.17663,26.4311,1875,CH2,20250624-re.csv,
49919,20250726,167,Cs0.05MA0.1FA0.85PbI3.0,1.65,MACl,15.0,p-F-PEACl,2.0,,,"4,4,4-NA",0.5,,,,,3000,30,100,10,1000,5,5500,30,12,150,110,15,PDADI,0.5,,,,,,,5000,30,6,70,100,5,24.8602,80.0712,1.17265,26.4763,1875,CH3,20250624-re.csv,
49920,20250726,167,Cs0.05MA0.1FA0.85PbI3.0,1.65,MACl,15.0,p-F-PEACl,2.0,,,"4,4,4-NA",0.5,,,,,3000,30,100,10,1000,5,5500,30,12,150,110,15,PDADI,0.5,,,,,,,5000,30,6,70,100,5,23.3568,76.3152,1.16567,26.2559,1875,CH4,20250624-re.csv,
49921,20250726,167,Cs0.05MA0.1FA0.85PbI3.0,1.65,MACl,15.0,p-F-PEACl,2.0,,,"4,4,4-NA",0.5,,,,,3000,30,100,10,1000,5,5500,30,12,150,110,15,PDADI,0.5,,,,,,,5000,30,6,70,100,5,24.4041,82.8815,1.1872,24.8016,1876,CH1,20250624-re.csv,
49922,20250726,167,Cs0.05MA0.1FA0.85PbI3.0,1.65,MACl,15.0,p-F-PEACl,2.0,,,"4,4,4-NA",0.5,,,,,3000,30,100,10,1000,5,5500,30,12,150,110,15,PDADI,0.5,,,,,,,5000,30,6,70,100,5,24.3545,82.8597,1.18349,24.8355,1876,CH2,20250624-re.csv,
49923,20250726,167,Cs0.05MA0.1FA0.85PbI3.0,1.65,MACl,15.0,p-F-PEACl,2.0,,,"4,4,4-NA",0.5,,,,,3000,30,100,10,1000,5,5500,30,12,150,110,15,PDADI,0.5,,,,,,,5000,30,6,70,100,5,24.2371,83.1839,1.18039,24.684,1876,CH3,20250624-re.csv,
49924,20250726,167,Cs0.05MA0.1FA0.85PbI3.0,1.65,MACl,15.0,p-F-PEACl,2.0,,,"4,4,4-NA",0.5,,,,,3000,30,100,10,1000,5,5500,30,12,150,110,15,PDADI,0.5,,,,,,,5000,30,6,70,100,5,23.9137,83.4303,1.17847,24.3224,1876,CH4,20250624-re.csv,
49925,20250726,167,Cs0.05MA0.1FA0.85PbI3.0,1.65,MACl,15.0,p-F-PEACl,2.0,,,"4,4,4-NA",0.5,,,,,3000,30,100,10,1000,5,5500,30,12,150,110,15,PDADI,0.5,,,,,,,5000,30,6,70,100,5,24.0908,83.2203,1.18721,24.3834,1877,CH1,20250624-re.csv,
49926,20250726,167,Cs0.05MA0.1FA0.85PbI3.0,1.65,MACl,15.0,p-F-PEACl,2.0,,,"4,4,4-NA",0.5,,,,,3000,30,100,10,1000,5,5500,30,12,150,110,15,PDADI,0.5,,,,,,,5000,30,6,70,100,5,24.285,83.5628,1.18397,24.5463,1877,CH2,20250624-re.csv,
49927,20250726,167,Cs0.05MA0.1FA0.85PbI3.0,1.65,MACl,15.0,p-F-PEACl,2.0,,,"4,4,4-NA",0.5,,,,,3000,30,100,10,1000,5,5500,30,12,150,110,15,PDADI,0.5,,,,,,,5000,30,6,70,100,5,24.2468,83.5383,1.18069,24.583,1877,CH3,20250624-re.csv,
49928,20250726,167,Cs0.05MA0.1FA0.85PbI3.0,1.65,MACl,15.0,p-F-PEACl,2.0,,,"4,4,4-NA",0.5,,,,,3000,30,100,10,1000,5,5500,30,12,150,110,15,PDADI,0.5,,,,,,,5000,30,6,70,100,5,24.0957,83.9031,1.17888,24.3608,1877,CH4,20250624-re.csv,
49929,20250726,167,Cs0.05MA0.1FA0.85PbI3.0,1.65,MACl,15.0,p-F-PEACl,2.0,,,"4,4,4-NA",0.5,,,,,3000,30,100,10,1000,5,5500,30,15,150,110,15,PDADI,0.5,,,,,,,5000,30,6,70,100,5,24.8716,83.2692,1.18942,25.1121,1878,CH1,20250624-re.csv,
49930,20250726,167,Cs0.05MA0.1FA0.85PbI3.0,1.65,MACl,15.0,p-F-PEACl,2.0,,,"4,4,4-NA",0.5,,,,,3000,30,100,10,1000,5,5500,30,15,150,110,15,PDADI,0.5,,,,,,,5000,30,6,70,100,5,24.6357,82.9697,1.18172,25.1265,1878,CH2,20250624-re.csv,
49931,20250726,167,Cs0.05MA0.1FA0.85PbI3.0,1.65,MACl,15.0,p-F-PEACl,2.0,,,"4,4,4-NA",0.5,,,,,3000,30,100,10,1000,5,5500,30,15,150,110,15,PDADI,0.5,,,,,,,5000,30,6,70,100,5,24.3348,82.7887,1.17708,24.9718,1878,CH3,20250624-re.csv,
49932,20250726,167,Cs0.05MA0.1FA0.85PbI3.0,1.65,MACl,15.0,p-F-PEACl,2.0,,,"4,4,4-NA",0.5,,,,,3000,30,100,10,1000,5,5500,30,15,150,110,15,PDADI,0.5,,,,,,,5000,30,6,70,100,5,16.5178,63.665,1.09855,23.6173,1878,CH4,20250624-re.csv,
49933,20250726,167,Cs0.05MA0.1FA0.85PbI3.0,1.65,MACl,15.0,p-F-PEACl,2.0,,,"4,4,4-NA",0.5,,,,,3000,30,100,10,1000,5,5500,30,15,150,110,15,PDADI,0.5,,,,,,,5000,30,6,70,100,5,23.5357,83.4991,1.18833,23.7197,1879,CH1,20250624-re.csv,
49934,20250726,167,Cs0.05MA0.1FA0.85PbI3.0,1.65,MACl,15.0,p-F-PEACl,2.0,,,"4,4,4-NA",0.5,,,,,3000,30,100,10,1000,5,5500,30,15,150,110,15,PDADI,0.5,,,,,,,5000,30,6,70,100,5,23.4672,83.2161,1.18255,23.8471,1879,CH2,20250624-re.csv,
49935,20250726,167,Cs0.05MA0.1FA0.85PbI3.0,1.65,MACl,15.0,p-F-PEACl,2.0,,,"4,4,4-NA",0.5,,,,,3000,30,100,10,1000,5,5500,30,15,150,110,15,PDADI,0.5,,,,,,,5000,30,6,70,100,5,23.3473,82.9987,1.17871,23.8649,1879,CH3,20250624-re.csv,
49936,20250726,167,Cs0.05MA0.1FA0.85PbI3.0,1.65,MACl,15.0,p-F-PEACl,2.0,,,"4,4,4-NA",0.5,,,,,3000,30,100,10,1000,5,5500,30,15,150,110,15,PDADI,0.5,,,,,,,5000,30,6,70,100,5,23.2608,83.2086,1.17588,23.7735,1879,CH4,20250624-re.csv,
49937,20250726,167,Cs0.05MA0.1FA0.85PbI3.0,1.65,MACl,15.0,p-F-PEACl,2.0,,,"4,4,4-NA",0.5,,,,,3000,30,100,10,1000,5,5500,30,15,150,110,15,PDADI,0.5,,,,,,,5000,30,6,70,100,5,24.9047,82.6476,1.17786,25.5832,1880,CH1,20250624-re.csv,
49938,20250726,167,Cs0.05MA0.1FA0.85PbI3.0,1.65,MACl,15.0,p-F-PEACl,2.0,,,"4,4,4-NA",0.5,,,,,3000,30,100,10,1000,5,5500,30,15,150,110,15,PDADI,0.5,,,,,,,5000,30,6,70,100,5,24.8287,82.3817,1.1711,25.7353,1880,CH2,20250624-re.csv,
49939,20250726,167,Cs0.05MA0.1FA0.85PbI3.0,1.65,MACl,15.0,p-F-PEACl,2.0,,,"4,4,4-NA",0.5,,,,,3000,30,100,10,1000,5,5500,30,15,150,110,15,PDADI,0.5,,,,,,,5000,30,6,70,100,5,24.4485,82.1,1.16552,25.5499,1880,CH3,20250624-re.csv,
49940,20250726,167,Cs0.05MA0.1FA0.85PbI3.0,1.65,MACl,15.0,p-F-PEACl,2.0,,,"4,4,4-NA",0.5,,,,,3000,30,100,10,1000,5,5500,30,15,150,110,15,PDADI,0.5,,,,,,,5000,30,6,70,100,5,24.3203,82.4692,1.16379,25.3398,1880,CH4,20250624-re.csv,
49941,20250726,167,Cs0.05MA0.1FA0.85PbI3.0,1.65,MACl,15.0,p-F-PEACl,2.0,,,"4,4,4-NA",0.5,,,,,3000,30,100,10,1000,5,5500,30,15,150,110,15,PDADI,0.5,,,,,,,5000,30,6,70,100,5,24.6466,82.9783,1.1658,25.4782,1881,CH1,20250624-re.csv,
49942,20250726,167,Cs0.05MA0.1FA0.85PbI3.0,1.65,MACl,15.0,p-F-PEACl,2.0,,,"4,4,4-NA",0.5,,,,,3000,30,100,10,1000,5,5500,30,15,150,110,15,PDADI,0.5,,,,,,,5000,30,6,70,100,5,24.062,81.9004,1.14853,25.5802,1881,CH2,20250624-re.csv,
49943,20250726,167,Cs0.05MA0.1FA0.85PbI3.0,1.65,MACl,15.0,p-F-PEACl,2.0,,,"4,4,4-NA",0.5,,,,,3000,30,100,10,1000,5,5500,30,15,150,110,15,PDADI,0.5,,,,,,,5000,30,6,70,100,5,23.8426,81.7483,1.14234,25.5316,1881,CH3,20250624-re.csv,
49944,20250726,167,Cs0.05MA0.1FA0.85PbI3.0,1.65,MACl,15.0,p-F-PEACl,2.0,,,"4,4,4-NA",0.5,,,,,3000,30,100,10,1000,5,5500,30,15,150,110,15,PDADI,0.5,,,,,,,5000,30,6,70,100,5,23.9195,82.3272,1.14547,25.3645,1881,CH4,20250624-re.csv,
49945,20250726,167,Cs0.05MA0.1FA0.85PbI3.0,1.65,MACl,15.0,p-F-PEACl,2.0,,,"4,4,4-NA",0.5,,,,,3000,30,100,10,1000,5,5500,30,15,150,110,15,PDADI,0.5,,,,,,,5000,30,6,70,100,5,25.3161,82.5014,1.17141,26.1955,1882,CH1,20250624-re.csv,
49946,20250726,167,Cs0.05MA0.1FA0.85PbI3.0,1.65,MACl,15.0,p-F-PEACl,2.0,,,"4,4,4-NA",0.5,,,,,3000,30,100,10,1000,5,5500,30,15,150,110,15,PDADI,0.5,,,,,,,5000,30,6,70,100,5,23.7237,78.595,1.15648,26.1005,1882,CH2,20250624-re.csv,
49947,20250726,167,Cs0.05MA0.1FA0.85PbI3.0,1.65,MACl,15.0,p-F-PEACl,2.0,,,"4,4,4-NA",0.5,,,,,3000,30,100,10,1000,5,5500,30,15,150,110,15,PDADI,0.5,,,,,,,5000,30,6,70,100,5,24.3129,81.1225,1.15679,25.9084,1882,CH3,20250624-re.csv,
49948,20250726,167,Cs0.05MA0.1FA0.85PbI3.0,1.65,MACl,15.0,p-F-PEACl,2.0,,,"4,4,4-NA",0.5,,,,,3000,30,100,10,1000,5,5500,30,15,150,110,15,PDADI,0.5,,,,,,,5000,30,6,70,100,5,24.2733,81.8144,1.15794,25.622,1882,CH4,20250624-re.csv,
49949,20250726,167,Cs0.05MA0.1FA0.85PbI3.0,1.65,MACl,15.0,p-F-PEACl,2.0,,,"4,4,4-NA",0.5,,,,,3000,30,100,10,1000,5,5500,30,15,150,110,15,PDADI,0.5,,,,,,,5000,30,6,70,100,5,24.063,83.198,1.17983,24.5141,1883,CH1,20250624-re.csv,
49950,20250726,167,Cs0.05MA0.1FA0.85PbI3.0,1.65,MACl,15.0,p-F-PEACl,2.0,,,"4,4,4-NA",0.5,,,,,3000,30,100,10,1000,5,5500,30,15,150,110,15,PDADI,0.5,,,,,,,5000,30,6,70,100,5,23.1903,80.7932,1.16775,24.58,1883,CH2,20250624-re.csv,
49951,20250726,167,Cs0.05MA0.1FA0.85PbI3.0,1.65,MACl,15.0,p-F-PEACl,2.0,,,"4,4,4-NA",0.5,,,,,3000,30,100,10,1000,5,5500,30,15,150,110,15,PDADI,0.5,,,,,,,5000,30,6,70,100,5,22.6612,79.5626,1.15911,24.5725,1883,CH3,20250624-re.csv,
49952,20250726,167,Cs0.05MA0.1FA0.85PbI3.0,1.65,MACl,15.0,p-F-PEACl,2.0,,,"4,4,4-NA",0.5,,,,,3000,30,100,10,1000,5,5500,30,15,150,110,15,PDADI,0.5,,,,,,,5000,30,6,70,100,5,21.7172,76.3821,1.1611,24.4875,1883,CH4,20250624-re.csv,
49953,20250726,167,Cs0.05MA0.1FA0.85PbI3.0,1.65,MACl,15.0,m-F-PEACl,2.0,,,"4,4,4-NA",0.5,,,,,3000,30,100,10,1000,5,5500,30,12,150,110,15,PDADI,0.5,,,,,,,5000,30,6,70,100,5,25.0159,82.7709,1.18701,25.4616,1884,CH1,20250624-re.csv,
49954,20250726,167,Cs0.05MA0.1FA0.85PbI3.0,1.65,MACl,15.0,m-F-PEACl,2.0,,,"4,4,4-NA",0.5,,,,,3000,30,100,10,1000,5,5500,30,12,150,110,15,PDADI,0.5,,,,,,,5000,30,6,70,100,5,24.6365,82.2406,1.17904,25.4077,1884,CH2,20250624-re.csv,
49955,20250726,167,Cs0.05MA0.1FA0.85PbI3.0,1.65,MACl,15.0,m-F-PEACl,2.0,,,"4,4,4-NA",0.5,,,,,3000,30,100,10,1000,5,5500,30,12,150,110,15,PDADI,0.5,,,,,,,5000,30,6,70,100,5,24.2041,82.3714,1.17393,25.0305,1884,CH3,20250624-re.csv,
49956,20250726,167,Cs0.05MA0.1FA0.85PbI3.0,1.65,MACl,15.0,m-F-PEACl,2.0,,,"4,4,4-NA",0.5,,,,,3000,30,100,10,1000,5,5500,30,12,150,110,15,PDADI,0.5,,,,,,,5000,30,6,70,100,5,23.9812,82.3723,1.17097,24.8625,1884,CH4,20250624-re.csv,
49957,20250726,167,Cs0.05MA0.1FA0.85PbI3.0,1.65,MACl,15.0,m-F-PEACl,2.0,,,"4,4,4-NA",0.5,,,,,3000,30,100,10,1000,5,5500,30,12,150,110,15,PDADI,0.5,,,,,,,5000,30,6,70,100,5,25.5825,82.4162,1.17864,26.3359,1885,CH1,20250624-re.csv,
49958,20250726,167,Cs0.05MA0.1FA0.85PbI3.0,1.65,MACl,15.0,m-F-PEACl,2.0,,,"4,4,4-NA",0.5,,,,,3000,30,100,10,1000,5,5500,30,12,150,110,15,PDADI,0.5,,,,,,,5000,30,6,70,100,5,25.1795,82.569,1.17439,25.9667,1885,CH2,20250624-re.csv,
49959,20250726,167,Cs0.05MA0.1FA0.85PbI3.0,1.65,MACl,15.0,m-F-PEACl,2.0,,,"4,4,4-NA",0.5,,,,,3000,30,100,10,1000,5,5500,30,12,150,110,15,PDADI,0.5,,,,,,,5000,30,6,70,100,5,24.5453,82.7161,1.16901,25.3841,1885,CH3,20250624-re.csv,
49960,20250726,167,Cs0.05MA0.1FA0.85PbI3.0,1.65,MACl,15.0,m-F-PEACl,2.0,,,"4,4,4-NA",0.5,,,,,3000,30,100,10,1000,5,5500,30,12,150,110,15,PDADI,0.5,,,,,,,5000,30,6,70,100,5,23.9364,83.0491,1.16572,24.7246,1885,CH4,20250624-re.csv,
49961,20250726,167,Cs0.05MA0.1FA0.85PbI3.0,1.65,MACl,15.0,m-F-PEACl,2.0,,,"4,4,4-NA",0.5,,,,,3000,30,100,10,1000,5,5500,30,12,150,110,15,PDADI,0.5,,,,,,,5000,30,6,70,100,5,24.5314,82.1969,1.18539,25.1771,1886,CH1,20250624-re.csv,
49962,20250726,167,Cs0.05MA0.1FA0.85PbI3.0,1.65,MACl,15.0,m-F-PEACl,2.0,,,"4,4,4-NA",0.5,,,,,3000,30,100,10,1000,5,5500,30,12,150,110,15,PDADI,0.5,,,,,,,5000,30,6,70,100,5,24.3444,81.941,1.18076,25.1614,1886,CH2,20250624-re.csv,
49963,20250726,167,Cs0.05MA0.1FA0.85PbI3.0,1.65,MACl,15.0,m-F-PEACl,2.0,,,"4,4,4-NA",0.5,,,,,3000,30,100,10,1000,5,5500,30,12,150,110,15,PDADI,0.5,,,,,,,5000,30,6,70,100,5,23.69,81.185,1.171,24.9192,1886,CH3,20250624-re.csv,
49964,20250726,167,Cs0.05MA0.1FA0.85PbI3.0,1.65,MACl,15.0,m-F-PEACl,2.0,,,"4,4,4-NA",0.5,,,,,3000,30,100,10,1000,5,5500,30,12,150,110,15,PDADI,0.5,,,,,,,5000,30,6,70,100,5,23.4106,81.5266,1.17148,24.512,1886,CH4,20250624-re.csv,
49965,20250726,167,Cs0.05MA0.1FA0.85PbI3.0,1.65,MACl,15.0,m-F-PEACl,2.0,,,"4,4,4-NA",0.5,,,,,3000,30,100,10,1000,5,5500,30,12,150,110,15,PDADI,0.5,,,,,,,5000,30,6,70,100,5,25.1062,81.4593,1.18458,26.018,1887,CH1,20250624-re.csv,
49966,20250726,167,Cs0.05MA0.1FA0.85PbI3.0,1.65,MACl,15.0,m-F-PEACl,2.0,,,"4,4,4-NA",0.5,,,,,3000,30,100,10,1000,5,5500,30,12,150,110,15,PDADI,0.5,,,,,,,5000,30,6,70,100,5,24.9295,81.5435,1.1797,25.9151,1887,CH2,20250624-re.csv,
49967,20250726,167,Cs0.05MA0.1FA0.85PbI3.0,1.65,MACl,15.0,m-F-PEACl,2.0,,,"4,4,4-NA",0.5,,,,,3000,30,100,10,1000,5,5500,30,12,150,110,15,PDADI,0.5,,,,,,,5000,30,6,70,100,5,24.5662,81.0063,1.17445,25.8217,1887,CH3,20250624-re.csv,
49968,20250726,167,Cs0.05MA0.1FA0.85PbI3.0,1.65,MACl,15.0,m-F-PEACl,2.0,,,"4,4,4-NA",0.5,,,,,3000,30,100,10,1000,5,5500,30,12,150,110,15,PDADI,0.5,,,,,,,5000,30,6,70,100,5,24.1943,81.1725,1.17036,25.4674,1887,CH4,20250624-re.csv,
49969,20250726,167,Cs0.05MA0.1FA0.85PbI3.0,1.65,MACl,15.0,m-F-PEACl,2.0,,,"4,4,4-NA",0.5,,,,,3000,30,100,10,1000,5,5500,30,12,150,110,15,PDADI,0.5,,,,,,,5000,30,6,70,100,5,25.0892,83.8188,1.19223,25.1064,1888,CH1,20250624-re.csv,
49970,20250726,167,Cs0.05MA0.1FA0.85PbI3.0,1.65,MACl,15.0,m-F-PEACl,2.0,,,"4,4,4-NA",0.5,,,,,3000,30,100,10,1000,5,5500,30,12,150,110,15,PDADI,0.5,,,,,,,5000,30,6,70,100,5,24.672,83.5102,1.18651,24.8996,1888,CH2,20250624-re.csv,
49971,20250726,167,Cs0.05MA0.1FA0.85PbI3.0,1.65,MACl,15.0,m-F-PEACl,2.0,,,"4,4,4-NA",0.5,,,,,3000,30,100,10,1000,5,5500,30,12,150,110,15,PDADI,0.5,,,,,,,5000,30,6,70,100,5,24.2106,83.6026,1.18297,24.48,1888,CH3,20250624-re.csv,
49972,20250726,167,Cs0.05MA0.1FA0.85PbI3.0,1.65,MACl,15.0,m-F-PEACl,2.0,,,"4,4,4-NA",0.5,,,,,3000,30,100,10,1000,5,5500,30,12,150,110,15,PDADI,0.5,,,,,,,5000,30,6,70,100,5,23.5533,83.6501,1.17924,23.8771,1888,CH4,20250624-re.csv,
49973,20250726,167,Cs0.05MA0.1FA0.85PbI3.0,1.65,MACl,15.0,m-F-PEACl,2.0,,,"4,4,4-NA",0.5,,,,,3000,30,100,10,1000,5,5500,30,12,150,110,15,PDADI,0.5,,,,,,,5000,30,6,70,100,5,23.7904,81.6455,1.19347,24.4151,1889,CH1,20250624-re.csv,
49974,20250726,167,Cs0.05MA0.1FA0.85PbI3.0,1.65,MACl,15.0,m-F-PEACl,2.0,,,"4,4,4-NA",0.5,,,,,3000,30,100,10,1000,5,5500,30,12,150,110,15,PDADI,0.5,,,,,,,5000,30,6,70,100,5,24.3588,82.4971,1.18975,24.8177,1889,CH2,20250624-re.csv,
49975,20250726,167,Cs0.05MA0.1FA0.85PbI3.0,1.65,MACl,15.0,m-F-PEACl,2.0,,,"4,4,4-NA",0.5,,,,,3000,30,100,10,1000,5,5500,30,12,150,110,15,PDADI,0.5,,,,,,,5000,30,6,70,100,5,24.3028,82.7264,1.18433,24.8051,1889,CH3,20250624-re.csv,
49976,20250726,167,Cs0.05MA0.1FA0.85PbI3.0,1.65,MACl,15.0,m-F-PEACl,2.0,,,"4,4,4-NA",0.5,,,,,3000,30,100,10,1000,5,5500,30,12,150,110,15,PDADI,0.5,,,,,,,5000,30,6,70,100,5,23.9882,82.8128,1.1799,24.5501,1889,CH4,20250624-re.csv,
49977,20250726,167,Cs0.05MA0.1FA0.85PbI3.0,1.65,MACl,15.0,m-F-PEACl,2.0,,,"4,4,4-NA",0.5,,,,,3000,30,100,10,1000,5,5500,30,15,150,110,15,PDADI,0.5,,,,,,,5000,30,6,70,100,5,24.4861,84.133,1.18992,24.4588,1890,CH1,20250624-re.csv,
49978,20250726,167,Cs0.05MA0.1FA0.85PbI3.0,1.65,MACl,15.0,m-F-PEACl,2.0,,,"4,4,4-NA",0.5,,,,,3000,30,100,10,1000,5,5500,30,15,150,110,15,PDADI,0.5,,,,,,,5000,30,6,70,100,5,24.3957,83.7866,1.18567,24.557,1890,CH2,20250624-re.csv,
49979,20250726,167,Cs0.05MA0.1FA0.85PbI3.0,1.65,MACl,15.0,m-F-PEACl,2.0,,,"4,4,4-NA",0.5,,,,,3000,30,100,10,1000,5,5500,30,15,150,110,15,PDADI,0.5,,,,,,,5000,30,6,70,100,5,24.3033,84.0259,1.18174,24.4755,1890,CH3,20250624-re.csv,
49980,20250726,167,Cs0.05MA0.1FA0.85PbI3.0,1.65,MACl,15.0,m-F-PEACl,2.0,,,"4,4,4-NA",0.5,,,,,3000,30,100,10,1000,5,5500,30,15,150,110,15,PDADI,0.5,,,,,,,5000,30,6,70,100,5,23.9539,84.2122,1.1783,24.1404,1890,CH4,20250624-re.csv,
49981,20250726,167,Cs0.05MA0.1FA0.85PbI3.0,1.65,MACl,15.0,m-F-PEACl,2.0,,,"4,4,4-NA",0.5,,,,,3000,30,100,10,1000,5,5500,30,15,150,110,15,PDADI,0.5,,,,,,,5000,30,6,70,100,5,22.4819,79.4778,1.18763,23.818,1891,CH1,20250624-re.csv,
49982,20250726,167,Cs0.05MA0.1FA0.85PbI3.0,1.65,MACl,15.0,m-F-PEACl,2.0,,,"4,4,4-NA",0.5,,,,,3000,30,100,10,1000,5,5500,30,15,150,110,15,PDADI,0.5,,,,,,,5000,30,6,70,100,5,22.8259,80.7133,1.17462,24.076,1891,CH2,20250624-re.csv,
49983,20250726,167,Cs0.05MA0.1FA0.85PbI3.0,1.65,MACl,15.0,m-F-PEACl,2.0,,,"4,4,4-NA",0.5,,,,,3000,30,100,10,1000,5,5500,30,15,150,110,15,PDADI,0.5,,,,,,,5000,30,6,70,100,5,23.0155,81.1695,1.17343,24.1641,1891,CH3,20250624-re.csv,
49984,20250726,167,Cs0.05MA0.1FA0.85PbI3.0,1.65,MACl,15.0,m-F-PEACl,2.0,,,"4,4,4-NA",0.5,,,,,3000,30,100,10,1000,5,5500,30,15,150,110,15,PDADI,0.5,,,,,,,5000,30,6,70,100,5,22.8609,81.5948,1.16976,23.9516,1891,CH4,20250624-re.csv,
49985,20250726,167,Cs0.05MA0.1FA0.85PbI3.0,1.65,MACl,15.0,m-F-PEACl,2.0,,,"4,4,4-NA",0.5,,,,,3000,30,100,10,1000,5,5500,30,15,150,110,15,PDADI,0.5,,,,,,,5000,30,6,70,100,5,23.704,83.3572,1.16745,24.358,1892,CH1,20250624-re.csv,
49986,20250726,167,Cs0.05MA0.1FA0.85PbI3.0,1.65,MACl,15.0,m-F-PEACl,2.0,,,"4,4,4-NA",0.5,,,,,3000,30,100,10,1000,5,5500,30,15,150,110,15,PDADI,0.5,,,,,,,5000,30,6,70,100,5,23.2379,82.5691,1.15458,24.3757,1892,CH2,20250624-re.csv,
49987,20250726,167,Cs0.05MA0.1FA0.85PbI3.0,1.65,MACl,15.0,m-F-PEACl,2.0,,,"4,4,4-NA",0.5,,,,,3000,30,100,10,1000,5,5500,30,15,150,110,15,PDADI,0.5,,,,,,,5000,30,6,70,100,5,22.9082,82.5289,1.14898,24.1586,1892,CH3,20250624-re.csv,
49988,20250726,167,Cs0.05MA0.1FA0.85PbI3.0,1.65,MACl,15.0,m-F-PEACl,2.0,,,"4,4,4-NA",0.5,,,,,3000,30,100,10,1000,5,5500,30,15,150,110,15,PDADI,0.5,,,,,,,5000,30,6,70,100,5,22.7078,82.3129,1.1533,23.9202,1892,CH4,20250624-re.csv,
49989,20250726,167,Cs0.05MA0.1FA0.85PbI3.0,1.65,MACl,15.0,m-F-PEACl,2.0,,,"4,4,4-NA",0.5,,,,,3000,30,100,10,1000,5,5500,30,15,150,110,15,PDADI,0.5,,,,,,,5000,30,6,70,100,5,26.0435,81.1188,1.16079,27.6582,1893,CH1,20250624-re.csv,
49990,20250726,167,Cs0.05MA0.1FA0.85PbI3.0,1.65,MACl,15.0,m-F-PEACl,2.0,,,"4,4,4-NA",0.5,,,,,3000,30,100,10,1000,5,5500,30,15,150,110,15,PDADI,0.5,,,,,,,5000,30,6,70,100,5,25.6008,80.475,1.14721,27.73,1893,CH2,20250624-re.csv,
49991,20250726,167,Cs0.05MA0.1FA0.85PbI3.0,1.65,MACl,15.0,m-F-PEACl,2.0,,,"4,4,4-NA",0.5,,,,,3000,30,100,10,1000,5,5500,30,15,150,110,15,PDADI,0.5,,,,,,,5000,30,6,70,100,5,25.3708,80.4344,1.1407,27.6516,1893,CH3,20250624-re.csv,
49992,20250726,167,Cs0.05MA0.1FA0.85PbI3.0,1.65,MACl,15.0,m-F-PEACl,2.0,,,"4,4,4-NA",0.5,,,,,3000,30,100,10,1000,5,5500,30,15,150,110,15,PDADI,0.5,,,,,,,5000,30,6,70,100,5,25.6559,81.178,1.1479,27.5326,1893,CH4,20250624-re.csv,
49993,20250726,167,Cs0.05MA0.1FA0.85PbI3.0,1.65,MACl,15.0,m-F-PEACl,2.0,,,"4,4,4-NA",0.5,,,,,3000,30,100,10,1000,5,5500,30,15,150,110,15,PDADI,0.5,,,,,,,5000,30,6,70,100,5,23.8107,83.7144,1.17088,24.2918,1894,CH1,20250624-re.csv,
49994,20250726,167,Cs0.05MA0.1FA0.85PbI3.0,1.65,MACl,15.0,m-F-PEACl,2.0,,,"4,4,4-NA",0.5,,,,,3000,30,100,10,1000,5,5500,30,15,150,110,15,PDADI,0.5,,,,,,,5000,30,6,70,100,5,23.248,82.0665,1.1607,24.4062,1894,CH2,20250624-re.csv,
49995,20250726,167,Cs0.05MA0.1FA0.85PbI3.0,1.65,MACl,15.0,m-F-PEACl,2.0,,,"4,4,4-NA",0.5,,,,,3000,30,100,10,1000,5,5500,30,15,150,110,15,PDADI,0.5,,,,,,,5000,30,6,70,100,5,22.9806,81.9252,1.15421,24.303,1894,CH3,20250624-re.csv,
49996,20250726,167,Cs0.05MA0.1FA0.85PbI3.0,1.65,MACl,15.0,m-F-PEACl,2.0,,,"4,4,4-NA",0.5,,,,,3000,30,100,10,1000,5,5500,30,15,150,110,15,PDADI,0.5,,,,,,,5000,30,6,70,100,5,23.0397,82.4475,1.15807,24.1304,1894,CH4,20250624-re.csv,
49997,20250726,167,Cs0.05MA0.1FA0.85PbI3.0,1.65,MACl,15.0,m-F-PEACl,2.0,,,"4,4,4-NA",0.5,,,,,3000,30,100,10,1000,5,5500,30,15,150,110,15,PDADI,0.5,,,,,,,5000,30,6,70,100,5,26.1118,83.8094,1.17787,26.4511,1895,CH1,20250624-re.csv,
49998,20250726,167,Cs0.05MA0.1FA0.85PbI3.0,1.65,MACl,15.0,m-F-PEACl,2.0,,,"4,4,4-NA",0.5,,,,,3000,30,100,10,1000,5,5500,30,15,150,110,15,PDADI,0.5,,,,,,,5000,30,6,70,100,5,25.4887,82.642,1.16435,26.489,1895,CH2,20250624-re.csv,
49999,20250726,167,Cs0.05MA0.1FA0.85PbI3.0,1.65,MACl,15.0,m-F-PEACl,2.0,,,"4,4,4-NA",0.5,,,,,3000,30,100,10,1000,5,5500,30,15,150,110,15,PDADI,0.5,,,,,,,5000,30,6,70,100,5,25.1155,82.0181,1.15665,26.4746,1895,CH3,20250624-re.csv,
50000,20250726,167,Cs0.05MA0.1FA0.85PbI3.0,1.65,MACl,15.0,m-F-PEACl,2.0,,,"4,4,4-NA",0.5,,,,,3000,30,100,10,1000,5,5500,30,15,150,110,15,PDADI,0.5,,,,,,,5000,30,6,70,100,5,25.0461,82.329,1.15786,26.2743,1895,CH4,20250624-re.csv,
50001,20250727,168,Cs0.05MA0.1FA0.85PbI3.0,1.65,MACl,15.0,m-F-PEACl,2.0,,,"4,4,4-NA",0.5,,,,,3000,30,100,10,1000,5,5500,30,15,150,110,15,PDADI,0.5,,,,,,,5000,30,6,70,100,5,20.5314,68.1184,1.17732,25.601,1896,CH1,20250626.csv,
50002,20250727,168,Cs0.05MA0.1FA0.85PbI3.0,1.65,MACl,15.0,m-F-PEACl,2.0,,,"4,4,4-NA",0.5,,,,,3000,30,100,10,1000,5,5500,30,15,150,110,15,PDADI,0.5,,,,,,,5000,30,6,70,100,5,7.9971,31.9677,1.00401,24.9162,1896,CH2,20250626.csv,
50003,20250727,168,Cs0.05MA0.1FA0.85PbI3.0,1.65,MACl,15.0,m-F-PEACl,2.0,,,"4,4,4-NA",0.5,,,,,3000,30,100,10,1000,5,5500,30,15,150,110,15,PDADI,0.5,,,,,,,5000,30,6,70,100,5,18.6192,68.6227,1.162,23.3501,1896,CH3,20250626.csv,
50004,20250727,168,Cs0.05MA0.1FA0.85PbI3.0,1.65,MACl,15.0,m-F-PEACl,2.0,,,"4,4,4-NA",0.5,,,,,3000,30,100,10,1000,5,5500,30,15,150,110,15,PDADI,0.5,,,,,,,5000,30,6,70,100,5,21.0292,75.8295,1.16703,23.763,1896,CH4,20250626.csv,
50005,20250727,168,Cs0.05MA0.1FA0.85PbI3.0,1.65,MACl,15.0,m-F-PEACl,2.0,,,"4,4,4-NA",0.5,,,,,3000,30,100,10,1000,5,5500,30,15,150,110,15,PDADI,0.5,,,,,,,5000,30,6,70,100,5,0.013849,12.3769,0.0118253,9.4623,1897,CH1,20250626.csv,
50006,20250727,168,Cs0.05MA0.1FA0.85PbI3.0,1.65,MACl,15.0,m-F-PEACl,2.0,,,"4,4,4-NA",0.5,,,,,3000,30,100,10,1000,5,5500,30,15,150,110,15,PDADI,0.5,,,,,,,5000,30,6,70,100,5,1.17987,25.1988,0.211696,22.1178,1897,CH2,20250626.csv,
50007,20250727,168,Cs0.05MA0.1FA0.85PbI3.0,1.65,MACl,15.0,m-F-PEACl,2.0,,,"4,4,4-NA",0.5,,,,,3000,30,100,10,1000,5,5500,30,15,150,110,15,PDADI,0.5,,,,,,,5000,30,6,70,100,5,23.9183,81.3703,1.17037,25.1153,1897,CH3,20250626.csv,
50008,20250727,168,Cs0.05MA0.1FA0.85PbI3.0,1.65,MACl,15.0,m-F-PEACl,2.0,,,"4,4,4-NA",0.5,,,,,3000,30,100,10,1000,5,5500,30,15,150,110,15,PDADI,0.5,,,,,,,5000,30,6,70,100,5,24.2643,82.4587,1.17378,25.0694,1897,CH4,20250626.csv,
50009,20250727,168,Cs0.05MA0.1FA0.85PbI3.0,1.65,MACl,15.0,m-F-PEACl,2.0,,,"4,4,4-NA",0.5,,,,,3000,30,100,10,1000,5,5500,30,15,150,110,15,PDADI,0.5,,,,,,,5000,30,6,70,100,5,26.2531,82.9223,1.19423,26.5107,1898,CH1,20250626.csv,
50010,20250727,168,Cs0.05MA0.1FA0.85PbI3.0,1.65,MACl,15.0,m-F-PEACl,2.0,,,"4,4,4-NA",0.5,,,,,3000,30,100,10,1000,5,5500,30,15,150,110,15,PDADI,0.5,,,,,,,5000,30,6,70,100,5,5.60778,29.2823,0.752997,25.4327,1898,CH2,20250626.csv,
50011,20250727,168,Cs0.05MA0.1FA0.85PbI3.0,1.65,MACl,15.0,m-F-PEACl,2.0,,,"4,4,4-NA",0.5,,,,,3000,30,100,10,1000,5,5500,30,15,150,110,15,PDADI,0.5,,,,,,,5000,30,6,70,100,5,1.41825,25.7714,0.238094,23.1135,1898,CH3,20250626.csv,
50012,20250727,168,Cs0.05MA0.1FA0.85PbI3.0,1.65,MACl,15.0,m-F-PEACl,2.0,,,"4,4,4-NA",0.5,,,,,3000,30,100,10,1000,5,5500,30,15,150,110,15,PDADI,0.5,,,,,,,5000,30,6,70,100,5,0.0710046,24.4285,0.0225219,12.9058,1898,CH4,20250626.csv,
50013,20250727,168,Cs0.05MA0.1FA0.85PbI3.0,1.65,MACl,15.0,m-F-PEACl,2.0,,,"4,4,4-NA",0.5,,,,,3000,30,100,10,1000,5,5500,30,15,150,110,15,PEAI,0.15,PDADI,0.5,,,,,5000,30,6,70,100,5,23.1115,75.1497,1.17918,26.0809,1899,CH1,20250626.csv,
50014,20250727,168,Cs0.05MA0.1FA0.85PbI3.0,1.65,MACl,15.0,m-F-PEACl,2.0,,,"4,4,4-NA",0.5,,,,,3000,30,100,10,1000,5,5500,30,15,150,110,15,PEAI,0.15,PDADI,0.5,,,,,5000,30,6,70,100,5,21.6244,75.3786,1.16759,24.5701,1899,CH2,20250626.csv,
50015,20250727,168,Cs0.05MA0.1FA0.85PbI3.0,1.65,MACl,15.0,m-F-PEACl,2.0,,,"4,4,4-NA",0.5,,,,,3000,30,100,10,1000,5,5500,30,15,150,110,15,PEAI,0.15,PDADI,0.5,,,,,5000,30,6,70,100,5,23.3821,80.5384,1.1659,24.901,1899,CH3,20250626.csv,
50016,20250727,168,Cs0.05MA0.1FA0.85PbI3.0,1.65,MACl,15.0,m-F-PEACl,2.0,,,"4,4,4-NA",0.5,,,,,3000,30,100,10,1000,5,5500,30,15,150,110,15,PEAI,0.15,PDADI,0.5,,,,,5000,30,6,70,100,5,24.4758,83.1052,1.16891,25.1956,1899,CH4,20250626.csv,
50017,20250727,168,Cs0.05MA0.1FA0.85PbI3.0,1.65,MACl,15.0,m-F-PEACl,2.0,,,"4,4,4-NA",0.5,,,,,3000,30,100,10,1000,5,5500,30,15,150,110,15,PEAI,0.15,PDADI,0.5,,,,,5000,30,6,70,100,5,11.2497,39.5453,1.118,25.4451,1900,CH1,20250626.csv,
50018,20250727,168,Cs0.05MA0.1FA0.85PbI3.0,1.65,MACl,15.0,m-F-PEACl,2.0,,,"4,4,4-NA",0.5,,,,,3000,30,100,10,1000,5,5500,30,15,150,110,15,PEAI,0.15,PDADI,0.5,,,,,5000,30,6,70,100,5,17.2342,59.6719,1.15461,25.0143,1900,CH2,20250626.csv,
50019,20250727,168,Cs0.05MA0.1FA0.85PbI3.0,1.65,MACl,15.0,m-F-PEACl,2.0,,,"4,4,4-NA",0.5,,,,,3000,30,100,10,1000,5,5500,30,15,150,110,15,PEAI,0.15,PDADI,0.5,,,,,5000,30,6,70,100,5,0.649451,24.8412,0.13815,18.9244,1900,CH3,20250626.csv,
50020,20250727,168,Cs0.05MA0.1FA0.85PbI3.0,1.65,MACl,15.0,m-F-PEACl,2.0,,,"4,4,4-NA",0.5,,,,,3000,30,100,10,1000,5,5500,30,15,150,110,15,PEAI,0.15,PDADI,0.5,,,,,5000,30,6,70,100,5,0.110683,24.5829,0.0357856,12.5816,1900,CH4,20250626.csv,
50021,20250727,168,Cs0.05MA0.05FA0.9PbI3.0,1.65,MACl,15.0,m-F-PEACl,2.0,,,"4,4,4-NA",0.5,,,,,3000,30,100,10,1000,5,5500,30,15,150,110,15,PEAI,0.15,PDADI,0.5,,,,,5000,30,6,70,100,5,0.697623,24.9886,0.13034,21.4191,1901,CH1,20250626.csv,
50022,20250727,168,Cs0.05MA0.05FA0.9PbI3.0,1.65,MACl,15.0,m-F-PEACl,2.0,,,"4,4,4-NA",0.5,,,,,3000,30,100,10,1000,5,5500,30,15,150,110,15,PEAI,0.15,PDADI,0.5,,,,,5000,30,6,70,100,5,22.4517,73.2474,1.17477,26.0918,1901,CH2,20250626.csv,
50023,20250727,168,Cs0.05MA0.05FA0.9PbI3.0,1.65,MACl,15.0,m-F-PEACl,2.0,,,"4,4,4-NA",0.5,,,,,3000,30,100,10,1000,5,5500,30,15,150,110,15,PEAI,0.15,PDADI,0.5,,,,,5000,30,6,70,100,5,3.23e-07,0.30435,-0.000410012,-0.259071,1901,CH3,20250626.csv,
50024,20250727,168,Cs0.05MA0.05FA0.9PbI3.0,1.65,MACl,15.0,m-F-PEACl,2.0,,,"4,4,4-NA",0.5,,,,,3000,30,100,10,1000,5,5500,30,15,150,110,15,PEAI,0.15,PDADI,0.5,,,,,5000,30,6,70,100,5,7.08687,33.4876,0.821956,25.7467,1901,CH4,20250626.csv,
50025,20250727,168,Cs0.05MA0.05FA0.9PbI3.0,1.65,MACl,15.0,m-F-PEACl,2.0,,,"4,4,4-NA",0.5,,,,,3000,30,100,10,1000,5,5500,30,15,150,110,15,PDADI,0.5,PiPI,0.15,,,,,5000,30,6,70,100,5,25.1724,81.6468,1.17368,26.2686,1902,CH1,20250626.csv,
50026,20250727,168,Cs0.05MA0.05FA0.9PbI3.0,1.65,MACl,15.0,m-F-PEACl,2.0,,,"4,4,4-NA",0.5,,,,,3000,30,100,10,1000,5,5500,30,15,150,110,15,PDADI,0.5,PiPI,0.15,,,,,5000,30,6,70,100,5,24.5443,81.4056,1.16147,25.9591,1902,CH2,20250626.csv,
50027,20250727,168,Cs0.05MA0.05FA0.9PbI3.0,1.65,MACl,15.0,m-F-PEACl,2.0,,,"4,4,4-NA",0.5,,,,,3000,30,100,10,1000,5,5500,30,15,150,110,15,PDADI,0.5,PiPI,0.15,,,,,5000,30,6,70,100,5,24.2675,81.3742,1.15638,25.7893,1902,CH3,20250626.csv,
50028,20250727,168,Cs0.05MA0.05FA0.9PbI3.0,1.65,MACl,15.0,m-F-PEACl,2.0,,,"4,4,4-NA",0.5,,,,,3000,30,100,10,1000,5,5500,30,15,150,110,15,PDADI,0.5,PiPI,0.15,,,,,5000,30,6,70,100,5,24.3908,82.1663,1.15652,25.6673,1902,CH4,20250626.csv,
50029,20250727,168,Cs0.05MA0.05FA0.9PbI3.0,1.65,MACl,15.0,m-F-PEACl,2.0,,,"4,4,4-NA",0.5,,,,,3000,30,100,10,1000,5,5500,30,15,150,110,15,PDADI,0.5,PiPI,0.15,,,,,5000,30,6,70,100,5,25.6185,81.3014,1.18446,26.6032,1903,CH1,20250626.csv,
50030,20250727,168,Cs0.05MA0.05FA0.9PbI3.0,1.65,MACl,15.0,m-F-PEACl,2.0,,,"4,4,4-NA",0.5,,,,,3000,30,100,10,1000,5,5500,30,15,150,110,15,PDADI,0.5,PiPI,0.15,,,,,5000,30,6,70,100,5,24.0842,78.6601,1.16915,26.1884,1903,CH2,20250626.csv,
50031,20250727,168,Cs0.05MA0.05FA0.9PbI3.0,1.65,MACl,15.0,m-F-PEACl,2.0,,,"4,4,4-NA",0.5,,,,,3000,30,100,10,1000,5,5500,30,15,150,110,15,PDADI,0.5,PiPI,0.15,,,,,5000,30,6,70,100,5,24.3271,80.279,1.16544,26.0016,1903,CH3,20250626.csv,
50032,20250727,168,Cs0.05MA0.05FA0.9PbI3.0,1.65,MACl,15.0,m-F-PEACl,2.0,,,"4,4,4-NA",0.5,,,,,3000,30,100,10,1000,5,5500,30,15,150,110,15,PDADI,0.5,PiPI,0.15,,,,,5000,30,6,70,100,5,23.4673,78.3262,1.16094,25.8074,1903,CH4,20250626.csv,
50033,20250727,168,Cs0.05MA0.05FA0.9PbI3.0,1.65,MACl,15.0,m-F-PEACl,2.0,,,"4,4,4-NA",0.5,,,,,3000,30,100,10,1000,5,5500,30,15,150,110,15,PDADI,0.5,PiPI,0.15,,,,,5000,30,6,70,100,5,24.7777,81.4772,1.17781,25.8195,1904,CH1,20250626.csv,
50034,20250727,168,Cs0.05MA0.05FA0.9PbI3.0,1.65,MACl,15.0,m-F-PEACl,2.0,,,"4,4,4-NA",0.5,,,,,3000,30,100,10,1000,5,5500,30,15,150,110,15,PDADI,0.5,PiPI,0.15,,,,,5000,30,6,70,100,5,23.9317,80.5243,1.16421,25.5281,1904,CH2,20250626.csv,
50035,20250727,168,Cs0.05MA0.05FA0.9PbI3.0,1.65,MACl,15.0,m-F-PEACl,2.0,,,"4,4,4-NA",0.5,,,,,3000,30,100,10,1000,5,5500,30,15,150,110,15,PDADI,0.5,PiPI,0.15,,,,,5000,30,6,70,100,5,23.1894,79.283,1.15662,25.2882,1904,CH3,20250626.csv,
50036,20250727,168,Cs0.05MA0.05FA0.9PbI3.0,1.65,MACl,15.0,m-F-PEACl,2.0,,,"4,4,4-NA",0.5,,,,,3000,30,100,10,1000,5,5500,30,15,150,110,15,PDADI,0.5,PiPI,0.15,,,,,5000,30,6,70,100,5,23.1996,80.3843,1.15677,24.9494,1904,CH4,20250626.csv,
50037,20250727,168,Cs0.05MA0.05FA0.9PbI3.0,1.65,MACl,15.0,m-F-PEACl,2.0,,,"4,4,4-NA",0.5,,,,,3000,30,100,10,1000,5,5500,30,15,150,110,15,PDADI,0.5,PiPDI,0.15,,,,,5000,30,6,70,100,5,23.6784,79.9165,1.18438,25.0163,1905,CH1,20250626.csv,
50038,20250727,168,Cs0.05MA0.05FA0.9PbI3.0,1.65,MACl,15.0,m-F-PEACl,2.0,,,"4,4,4-NA",0.5,,,,,3000,30,100,10,1000,5,5500,30,15,150,110,15,PDADI,0.5,PiPDI,0.15,,,,,5000,30,6,70,100,5,17.7153,62.467,1.1589,24.471,1905,CH2,20250626.csv,
50039,20250727,168,Cs0.05MA0.05FA0.9PbI3.0,1.65,MACl,15.0,m-F-PEACl,2.0,,,"4,4,4-NA",0.5,,,,,3000,30,100,10,1000,5,5500,30,15,150,110,15,PDADI,0.5,PiPDI,0.15,,,,,5000,30,6,70,100,5,3.40328,29.7093,0.491695,23.2974,1905,CH3,20250626.csv,
50040,20250727,168,Cs0.05MA0.05FA0.9PbI3.0,1.65,MACl,15.0,m-F-PEACl,2.0,,,"4,4,4-NA",0.5,,,,,3000,30,100,10,1000,5,5500,30,15,150,110,15,PDADI,0.5,PiPDI,0.15,,,,,5000,30,6,70,100,5,22.5899,80.7159,1.16159,24.0937,1905,CH4,20250626.csv,
50041,20250727,168,Cs0.05MA0.08FA0.87PbI3.0,1.65,MACl,15.0,m-F-PEACl,2.0,,,"4,4,4-NA",0.5,,,,,3000,30,100,10,1000,5,5500,30,15,150,110,15,PDADI,0.5,PiPDI,0.15,,,,,5000,30,6,70,100,5,24.5262,79.346,1.18195,26.1519,1906,CH1,20250626.csv,
50042,20250727,168,Cs0.05MA0.08FA0.87PbI3.0,1.65,MACl,15.0,m-F-PEACl,2.0,,,"4,4,4-NA",0.5,,,,,3000,30,100,10,1000,5,5500,30,15,150,110,15,PDADI,0.5,PiPDI,0.15,,,,,5000,30,6,70,100,5,0.710895,24.8767,0.144454,19.7826,1906,CH2,20250626.csv,
50043,20250727,168,Cs0.05MA0.08FA0.87PbI3.0,1.65,MACl,15.0,m-F-PEACl,2.0,,,"4,4,4-NA",0.5,,,,,3000,30,100,10,1000,5,5500,30,15,150,110,15,PDADI,0.5,PiPDI,0.15,,,,,5000,30,6,70,100,5,23.1655,79.1184,1.15429,25.3658,1906,CH3,20250626.csv,
50044,20250727,168,Cs0.05MA0.08FA0.87PbI3.0,1.65,MACl,15.0,m-F-PEACl,2.0,,,"4,4,4-NA",0.5,,,,,3000,30,100,10,1000,5,5500,30,15,150,110,15,PDADI,0.5,PiPDI,0.15,,,,,5000,30,6,70,100,5,23.3537,80.4117,1.15548,25.1346,1906,CH4,20250626.csv,
50045,20250727,168,Cs0.05MA0.08FA0.87PbI3.0,1.65,MACl,15.0,m-F-PEACl,2.0,,,"4,4,4-NA",0.5,,,,,3000,30,100,10,1000,5,5500,30,15,150,110,15,PDADI,0.5,PiPDI,0.15,,,,,5000,30,6,70,100,5,25.5079,81.2011,1.18181,26.5807,1907,CH1,20250626.csv,
50046,20250727,168,Cs0.05MA0.08FA0.87PbI3.0,1.65,MACl,15.0,m-F-PEACl,2.0,,,"4,4,4-NA",0.5,,,,,3000,30,100,10,1000,5,5500,30,15,150,110,15,PDADI,0.5,PiPDI,0.15,,,,,5000,30,6,70,100,5,24.8161,81.1645,1.16779,26.1821,1907,CH2,20250626.csv,
50047,20250727,168,Cs0.05MA0.08FA0.87PbI3.0,1.65,MACl,15.0,m-F-PEACl,2.0,,,"4,4,4-NA",0.5,,,,,3000,30,100,10,1000,5,5500,30,15,150,110,15,PDADI,0.5,PiPDI,0.15,,,,,5000,30,6,70,100,5,24.321,81.251,1.16148,25.7716,1907,CH3,20250626.csv,
50048,20250727,168,Cs0.05MA0.08FA0.87PbI3.0,1.65,MACl,15.0,m-F-PEACl,2.0,,,"4,4,4-NA",0.5,,,,,3000,30,100,10,1000,5,5500,30,15,150,110,15,PDADI,0.5,PiPDI,0.15,,,,,5000,30,6,70,100,5,24.0849,81.6419,1.16171,25.3942,1907,CH4,20250626.csv,
50049,20250727,168,Cs0.05MA0.08FA0.87PbI3.0,1.65,MACl,15.0,p-F-PEACl,2.0,,,"4,4,4-NA",0.5,,,,,3000,30,100,10,1000,5,5500,30,15,150,110,15,PDADI,0.5,,,,,,,5000,30,6,70,100,5,23.6248,80.4746,1.17894,24.9011,1908,CH1,20250626.csv,
50050,20250727,168,Cs0.05MA0.08FA0.87PbI3.0,1.65,MACl,15.0,p-F-PEACl,2.0,,,"4,4,4-NA",0.5,,,,,3000,30,100,10,1000,5,5500,30,15,150,110,15,PDADI,0.5,,,,,,,5000,30,6,70,100,5,23.5311,82.5839,1.16984,24.3569,1908,CH2,20250626.csv,
50051,20250727,168,Cs0.05MA0.08FA0.87PbI3.0,1.65,MACl,15.0,p-F-PEACl,2.0,,,"4,4,4-NA",0.5,,,,,3000,30,100,10,1000,5,5500,30,15,150,110,15,PDADI,0.5,,,,,,,5000,30,6,70,100,5,22.1458,80.6845,1.16225,23.6157,1908,CH3,20250626.csv,
50052,20250727,168,Cs0.05MA0.08FA0.87PbI3.0,1.65,MACl,15.0,p-F-PEACl,2.0,,,"4,4,4-NA",0.5,,,,,3000,30,100,10,1000,5,5500,30,15,150,110,15,PDADI,0.5,,,,,,,5000,30,6,70,100,5,22.0033,80.7802,1.16045,23.4724,1908,CH4,20250626.csv,
50053,20250727,168,Cs0.05MA0.08FA0.87PbI3.0,1.65,MACl,15.0,p-F-PEACl,2.0,,,"4,4,4-NA",0.5,,,,,3000,30,100,10,1000,5,5500,30,15,150,110,15,PDADI,0.5,,,,,,,5000,30,6,70,100,5,24.3322,80.759,1.17729,25.592,1909,CH1,20250626.csv,
50054,20250727,168,Cs0.05MA0.08FA0.87PbI3.0,1.65,MACl,15.0,p-F-PEACl,2.0,,,"4,4,4-NA",0.5,,,,,3000,30,100,10,1000,5,5500,30,15,150,110,15,PDADI,0.5,,,,,,,5000,30,6,70,100,5,23.8351,81.7887,1.16522,25.01,1909,CH2,20250626.csv,
50055,20250727,168,Cs0.05MA0.08FA0.87PbI3.0,1.65,MACl,15.0,p-F-PEACl,2.0,,,"4,4,4-NA",0.5,,,,,3000,30,100,10,1000,5,5500,30,15,150,110,15,PDADI,0.5,,,,,,,5000,30,6,70,100,5,22.619,80.7728,1.15627,24.2187,1909,CH3,20250626.csv,
50056,20250727,168,Cs0.05MA0.08FA0.87PbI3.0,1.65,MACl,15.0,p-F-PEACl,2.0,,,"4,4,4-NA",0.5,,,,,3000,30,100,10,1000,5,5500,30,15,150,110,15,PDADI,0.5,,,,,,,5000,30,6,70,100,5,20.1885,76.236,1.15163,22.9949,1909,CH4,20250626.csv,
50057,20250727,168,Cs0.05MA0.08FA0.87PbI3.0,1.65,MACl,15.0,p-F-PEACl,2.0,,,"4,4,4-NA",0.5,,,,,3000,30,100,10,1000,5,5500,30,15,150,110,15,PDADI,0.5,,,,,,,5000,30,6,70,100,5,22.3119,76.6234,1.17652,24.75,1910,CH1,20250626.csv,
50058,20250727,168,Cs0.05MA0.08FA0.87PbI3.0,1.65,MACl,15.0,p-F-PEACl,2.0,,,"4,4,4-NA",0.5,,,,,3000,30,100,10,1000,5,5500,30,15,150,110,15,PDADI,0.5,,,,,,,5000,30,6,70,100,5,11.1655,41.0796,1.10706,24.5517,1910,CH2,20250626.csv,
50059,20250727,168,Cs0.05MA0.08FA0.87PbI3.0,1.65,MACl,15.0,p-F-PEACl,2.0,,,"4,4,4-NA",0.5,,,,,3000,30,100,10,1000,5,5500,30,15,150,110,15,PDADI,0.5,,,,,,,5000,30,6,70,100,5,21.1867,74.4577,1.15461,24.6444,1910,CH3,20250626.csv,
50060,20250727,168,Cs0.05MA0.08FA0.87PbI3.0,1.65,MACl,15.0,p-F-PEACl,2.0,,,"4,4,4-NA",0.5,,,,,3000,30,100,10,1000,5,5500,30,15,150,110,15,PDADI,0.5,,,,,,,5000,30,6,70,100,5,23.4792,82.0687,1.15832,24.6989,1910,CH4,20250626.csv,
50061,20250727,168,Cs0.05MA0.08FA0.87PbI3.0,1.65,MACl,15.0,p-F-PEACl,2.0,,,"4,4,4-NA",0.5,,,,,3000,30,100,10,1000,5,5500,30,15,150,110,15,PEAI,0.15,PDADI,0.5,,,,,5000,30,6,70,100,5,25.3341,80.491,1.17719,26.7368,1911,CH1,20250626.csv,
50062,20250727,168,Cs0.05MA0.08FA0.87PbI3.0,1.65,MACl,15.0,p-F-PEACl,2.0,,,"4,4,4-NA",0.5,,,,,3000,30,100,10,1000,5,5500,30,15,150,110,15,PEAI,0.15,PDADI,0.5,,,,,5000,30,6,70,100,5,23.909,78.5056,1.15976,26.2599,1911,CH2,20250626.csv,
50063,20250727,168,Cs0.05MA0.08FA0.87PbI3.0,1.65,MACl,15.0,p-F-PEACl,2.0,,,"4,4,4-NA",0.5,,,,,3000,30,100,10,1000,5,5500,30,15,150,110,15,PEAI,0.15,PDADI,0.5,,,,,5000,30,6,70,100,5,21.1316,72.6889,1.14681,25.3497,1911,CH3,20250626.csv,
50064,20250727,168,Cs0.05MA0.08FA0.87PbI3.0,1.65,MACl,15.0,p-F-PEACl,2.0,,,"4,4,4-NA",0.5,,,,,3000,30,100,10,1000,5,5500,30,15,150,110,15,PEAI,0.15,PDADI,0.5,,,,,5000,30,6,70,100,5,2.45462,26.4214,0.388005,23.9437,1911,CH4,20250626.csv,
50065,20250727,168,Cs0.05MA0.08FA0.87PbI3.0,1.65,MACl,15.0,p-F-PEACl,2.0,,,"4,4,4-NA",0.5,,,,,3000,30,100,10,1000,5,5500,30,15,150,110,15,PEAI,0.15,PDADI,0.5,,,,,5000,30,6,70,100,5,25.7676,81.7075,1.18528,26.6067,1912,CH1,20250626.csv,
50066,20250727,168,Cs0.05MA0.08FA0.87PbI3.0,1.65,MACl,15.0,p-F-PEACl,2.0,,,"4,4,4-NA",0.5,,,,,3000,30,100,10,1000,5,5500,30,15,150,110,15,PEAI,0.15,PDADI,0.5,,,,,5000,30,6,70,100,5,25.5098,81.9923,1.179,26.3888,1912,CH2,20250626.csv,
50067,20250727,168,Cs0.05MA0.08FA0.87PbI3.0,1.65,MACl,15.0,p-F-PEACl,2.0,,,"4,4,4-NA",0.5,,,,,3000,30,100,10,1000,5,5500,30,15,150,110,15,PEAI,0.15,PDADI,0.5,,,,,5000,30,6,70,100,5,24.5897,82.7487,1.15896,25.6403,1912,CH3,20250626.csv,
50068,20250727,168,Cs0.05MA0.08FA0.87PbI3.0,1.65,MACl,15.0,p-F-PEACl,2.0,,,"4,4,4-NA",0.5,,,,,3000,30,100,10,1000,5,5500,30,15,150,110,15,PEAI,0.15,PDADI,0.5,,,,,5000,30,6,70,100,5,24.1299,82.1012,1.15646,25.414,1912,CH4,20250626.csv,
50069,20250727,168,Cs0.05MA0.08FA0.87PbI3.0,1.65,MACl,15.0,p-F-PEACl,2.0,,,"4,4,4-NA",0.5,,,,,3000,30,100,10,1000,5,5500,30,15,150,110,15,PEAI,0.15,PDADI,0.5,,,,,5000,30,6,70,100,5,22.1699,79.4338,1.17075,23.8393,1913,CH1,20250626.csv,
50070,20250727,168,Cs0.05MA0.08FA0.87PbI3.0,1.65,MACl,15.0,p-F-PEACl,2.0,,,"4,4,4-NA",0.5,,,,,3000,30,100,10,1000,5,5500,30,15,150,110,15,PEAI,0.15,PDADI,0.5,,,,,5000,30,6,70,100,5,21.8584,80.0759,1.15658,23.6015,1913,CH2,20250626.csv,
50071,20250727,168,Cs0.05MA0.08FA0.87PbI3.0,1.65,MACl,15.0,p-F-PEACl,2.0,,,"4,4,4-NA",0.5,,,,,3000,30,100,10,1000,5,5500,30,15,150,110,15,PEAI,0.15,PDADI,0.5,,,,,5000,30,6,70,100,5,21.6288,80.6356,1.15172,23.2894,1913,CH3,20250626.csv,
50072,20250727,168,Cs0.05MA0.08FA0.87PbI3.0,1.65,MACl,15.0,p-F-PEACl,2.0,,,"4,4,4-NA",0.5,,,,,3000,30,100,10,1000,5,5500,30,15,150,110,15,PEAI,0.15,PDADI,0.5,,,,,5000,30,6,70,100,5,20.9467,80.1126,1.15461,22.6453,1913,CH4,20250626.csv,
50073,20250727,168,Cs0.05MA0.08FA0.87PbI3.0,1.65,MACl,15.0,p-F-PEACl,2.0,,,"4,4,4-NA",0.5,,,,,3000,30,100,10,1000,5,5500,30,15,150,110,15,PDADI,0.5,PiPI,0.15,,,,,5000,30,6,70,100,5,20.994,70.1704,1.13814,26.2873,1914,CH1,20250626.csv,
50074,20250727,168,Cs0.05MA0.08FA0.87PbI3.0,1.65,MACl,15.0,p-F-PEACl,2.0,,,"4,4,4-NA",0.5,,,,,3000,30,100,10,1000,5,5500,30,15,150,110,15,PDADI,0.5,PiPI,0.15,,,,,5000,30,6,70,100,5,20.1555,68.2776,1.13349,26.0435,1914,CH2,20250626.csv,
50075,20250727,168,Cs0.05MA0.08FA0.87PbI3.0,1.65,MACl,15.0,p-F-PEACl,2.0,,,"4,4,4-NA",0.5,,,,,3000,30,100,10,1000,5,5500,30,15,150,110,15,PDADI,0.5,PiPI,0.15,,,,,5000,30,6,70,100,5,12.2542,47.7802,1.08238,23.6951,1914,CH3,20250626.csv,
50076,20250727,168,Cs0.05MA0.08FA0.87PbI3.0,1.65,MACl,15.0,p-F-PEACl,2.0,,,"4,4,4-NA",0.5,,,,,3000,30,100,10,1000,5,5500,30,15,150,110,15,PDADI,0.5,PiPI,0.15,,,,,5000,30,6,70,100,5,16.3394,63.731,1.10469,23.2083,1914,CH4,20250626.csv,
50077,20250727,168,Cs0.05MA0.08FA0.87PbI3.0,1.65,MACl,15.0,p-F-PEACl,2.0,,,"4,4,4-NA",0.5,,,,,3000,30,100,10,1000,5,5500,30,15,150,110,15,PDADI,0.5,PiPI,0.15,,,,,5000,30,6,70,100,5,23.2049,76.0187,1.15442,26.4422,1915,CH1,20250626.csv,
50078,20250727,168,Cs0.05MA0.08FA0.87PbI3.0,1.65,MACl,15.0,p-F-PEACl,2.0,,,"4,4,4-NA",0.5,,,,,3000,30,100,10,1000,5,5500,30,15,150,110,15,PDADI,0.5,PiPI,0.15,,,,,5000,30,6,70,100,5,21.6316,76.6014,1.125,25.1014,1915,CH2,20250626.csv,
50079,20250727,168,Cs0.05MA0.08FA0.87PbI3.0,1.65,MACl,15.0,p-F-PEACl,2.0,,,"4,4,4-NA",0.5,,,,,3000,30,100,10,1000,5,5500,30,15,150,110,15,PDADI,0.5,PiPI,0.15,,,,,5000,30,6,70,100,5,21.4807,76.8455,1.12633,24.8178,1915,CH3,20250626.csv,
50080,20250727,168,Cs0.05MA0.08FA0.87PbI3.0,1.65,MACl,15.0,p-F-PEACl,2.0,,,"4,4,4-NA",0.5,,,,,3000,30,100,10,1000,5,5500,30,15,150,110,15,PDADI,0.5,PiPI,0.15,,,,,5000,30,6,70,100,5,21.3556,76.3212,1.12724,24.8228,1915,CH4,20250626.csv,
50081,20250727,168,Cs0.05MA0.1FA0.85PbI3.0,1.65,MACl,15.0,p-F-PEACl,2.0,,,"4,4,4-NA",0.5,,,,,3000,30,100,10,1000,5,5500,30,15,150,110,15,PDADI,0.5,PiPI,0.15,,,,,5000,30,6,70,100,5,18.8732,67.0347,1.12506,25.0248,1916,CH1,20250626.csv,
50082,20250727,168,Cs0.05MA0.1FA0.85PbI3.0,1.65,MACl,15.0,p-F-PEACl,2.0,,,"4,4,4-NA",0.5,,,,,3000,30,100,10,1000,5,5500,30,15,150,110,15,PDADI,0.5,PiPI,0.15,,,,,5000,30,6,70,100,5,21.8893,77.029,1.13828,24.9648,1916,CH2,20250626.csv,
50083,20250727,168,Cs0.05MA0.1FA0.85PbI3.0,1.65,MACl,15.0,p-F-PEACl,2.0,,,"4,4,4-NA",0.5,,,,,3000,30,100,10,1000,5,5500,30,15,150,110,15,PDADI,0.5,PiPI,0.15,,,,,5000,30,6,70,100,5,21.4655,76.5637,1.12863,24.841,1916,CH3,20250626.csv,
50084,20250727,168,Cs0.05MA0.1FA0.85PbI3.0,1.65,MACl,15.0,p-F-PEACl,2.0,,,"4,4,4-NA",0.5,,,,,3000,30,100,10,1000,5,5500,30,15,150,110,15,PDADI,0.5,PiPI,0.15,,,,,5000,30,6,70,100,5,21.1137,76.3216,1.1295,24.4923,1916,CH4,20250626.csv,
50085,20250727,168,Cs0.05MA0.1FA0.85PbI3.0,1.65,MACl,15.0,p-F-PEACl,2.0,,,"4,4,4-NA",0.5,,,,,3000,30,100,10,1000,5,5500,30,15,150,110,15,PDADI,0.5,PiPI,0.15,,,,,5000,30,6,70,100,5,0.535388,24.9203,0.0985137,21.8082,1917,CH1,20250626.csv,
50086,20250727,168,Cs0.05MA0.1FA0.85PbI3.0,1.65,MACl,15.0,p-F-PEACl,2.0,,,"4,4,4-NA",0.5,,,,,3000,30,100,10,1000,5,5500,30,15,150,110,15,PDADI,0.5,PiPI,0.15,,,,,5000,30,6,70,100,5,0.374721,24.8254,0.0755091,19.99,1917,CH2,20250626.csv,
50087,20250727,168,Cs0.05MA0.1FA0.85PbI3.0,1.65,MACl,15.0,p-F-PEACl,2.0,,,"4,4,4-NA",0.5,,,,,3000,30,100,10,1000,5,5500,30,15,150,110,15,PDADI,0.5,PiPI,0.15,,,,,5000,30,6,70,100,5,0.683762,24.8013,0.135011,20.4202,1917,CH3,20250626.csv,
50088,20250727,168,Cs0.05MA0.1FA0.85PbI3.0,1.65,MACl,15.0,p-F-PEACl,2.0,,,"4,4,4-NA",0.5,,,,,3000,30,100,10,1000,5,5500,30,15,150,110,15,PDADI,0.5,PiPI,0.15,,,,,5000,30,6,70,100,5,0.427659,24.6904,0.0868055,19.9537,1917,CH4,20250626.csv,
50089,20250727,168,Cs0.05MA0.1FA0.85PbI3.0,1.65,MACl,15.0,p-F-PEACl,2.0,,,"4,4,4-NA",0.5,,,,,3000,30,100,10,1000,5,5500,30,15,150,110,15,PDADI,0.5,PiPDI,0.15,,,,,5000,30,6,70,100,5,23.0757,79.7054,1.17417,24.6568,1918,CH1,20250626.csv,
50090,20250727,168,Cs0.05MA0.1FA0.85PbI3.0,1.65,MACl,15.0,p-F-PEACl,2.0,,,"4,4,4-NA",0.5,,,,,3000,30,100,10,1000,5,5500,30,15,150,110,15,PDADI,0.5,PiPDI,0.15,,,,,5000,30,6,70,100,5,22.4962,79.0877,1.16039,24.5131,1918,CH2,20250626.csv,
50091,20250727,168,Cs0.05MA0.1FA0.85PbI3.0,1.65,MACl,15.0,p-F-PEACl,2.0,,,"4,4,4-NA",0.5,,,,,3000,30,100,10,1000,5,5500,30,15,150,110,15,PDADI,0.5,PiPDI,0.15,,,,,5000,30,6,70,100,5,22.0514,78.2947,1.15119,24.4657,1918,CH3,20250626.csv,
50092,20250727,168,Cs0.05MA0.1FA0.85PbI3.0,1.65,MACl,15.0,p-F-PEACl,2.0,,,"4,4,4-NA",0.5,,,,,3000,30,100,10,1000,5,5500,30,15,150,110,15,PDADI,0.5,PiPDI,0.15,,,,,5000,30,6,70,100,5,21.4835,77.7095,1.14628,24.118,1918,CH4,20250626.csv,
50093,20250727,168,Cs0.05MA0.1FA0.85PbI3.0,1.65,MACl,15.0,p-F-PEACl,2.0,,,"4,4,4-NA",0.5,,,,,3000,30,100,10,1000,5,5500,30,15,150,110,15,PDADI,0.5,PiPDI,0.15,,,,,5000,30,6,70,100,5,23.9745,79.5261,1.18326,25.4776,1919,CH1,20250626.csv,
50094,20250727,168,Cs0.05MA0.1FA0.85PbI3.0,1.65,MACl,15.0,p-F-PEACl,2.0,,,"4,4,4-NA",0.5,,,,,3000,30,100,10,1000,5,5500,30,15,150,110,15,PDADI,0.5,PiPDI,0.15,,,,,5000,30,6,70,100,5,8.18469,32.5762,1.00361,25.0343,1919,CH2,20250626.csv,
50095,20250727,168,Cs0.05MA0.1FA0.85PbI3.0,1.65,MACl,15.0,p-F-PEACl,2.0,,,"4,4,4-NA",0.5,,,,,3000,30,100,10,1000,5,5500,30,15,150,110,15,PDADI,0.5,PiPDI,0.15,,,,,5000,30,6,70,100,5,23.7083,80.8066,1.16215,25.2459,1919,CH3,20250626.csv,
50096,20250727,168,Cs0.05MA0.1FA0.85PbI3.0,1.65,MACl,15.0,p-F-PEACl,2.0,,,"4,4,4-NA",0.5,,,,,3000,30,100,10,1000,5,5500,30,15,150,110,15,PDADI,0.5,PiPDI,0.15,,,,,5000,30,6,70,100,5,23.704,81.9576,1.15859,24.9634,1919,CH4,20250626.csv,
50097,20250727,168,Cs0.05MA0.1FA0.85PbI3.0,1.65,MACl,15.0,p-F-PEACl,2.0,,,"4,4,4-NA",0.5,,,,,3000,30,100,10,1000,5,5500,30,15,150,110,15,PDADI,0.5,PiPDI,0.15,,,,,5000,30,6,70,100,5,0.817042,24.7981,0.15584,21.142,1920,CH1,20250626.csv,
50098,20250727,168,Cs0.05MA0.1FA0.85PbI3.0,1.65,MACl,15.0,p-F-PEACl,2.0,,,"4,4,4-NA",0.5,,,,,3000,30,100,10,1000,5,5500,30,15,150,110,15,PDADI,0.5,PiPDI,0.15,,,,,5000,30,6,70,100,5,15.4829,61.7453,0.974801,25.7236,1920,CH2,20250626.csv,
50099,20250727,168,Cs0.05MA0.1FA0.85PbI3.0,1.65,MACl,15.0,p-F-PEACl,2.0,,,"4,4,4-NA",0.5,,,,,3000,30,100,10,1000,5,5500,30,15,150,110,15,PDADI,0.5,PiPDI,0.15,,,,,5000,30,6,70,100,5,13.2027,55.0724,0.967378,24.7817,1920,CH3,20250626.csv,
50100,20250727,168,Cs0.05MA0.1FA0.85PbI3.0,1.65,MACl,15.0,p-F-PEACl,2.0,,,"4,4,4-NA",0.5,,,,,3000,30,100,10,1000,5,5500,30,15,150,110,15,PDADI,0.5,PiPDI,0.15,,,,,5000,30,6,70,100,5,10.0128,46.6846,0.967609,22.1656,1920,CH4,20250626.csv,
50101,20250727,168,Cs0.05MA0.1FA0.85PbI3.0,1.65,MACl,15.0,p-F-PEACl,2.0,,,"4,4,4-NA",0.5,,,,,3000,30,100,10,1000,5,5500,30,15,150,110,15,PDADI,0.5,PiPDI,0.15,,,,,5000,30,6,70,100,5,12.7737,52.45,0.960888,25.3453,1921,CH1,20250626.csv,
50102,20250727,168,Cs0.05MA0.1FA0.85PbI3.0,1.65,MACl,15.0,p-F-PEACl,2.0,,,"4,4,4-NA",0.5,,,,,3000,30,100,10,1000,5,5500,30,15,150,110,15,PDADI,0.5,PiPDI,0.15,,,,,5000,30,6,70,100,5,13.7381,57.0745,0.960349,25.0642,1921,CH2,20250626.csv,
50103,20250727,168,Cs0.05MA0.1FA0.85PbI3.0,1.65,MACl,15.0,p-F-PEACl,2.0,,,"4,4,4-NA",0.5,,,,,3000,30,100,10,1000,5,5500,30,15,150,110,15,PDADI,0.5,PiPDI,0.15,,,,,5000,30,6,70,100,5,16.2107,64.7702,0.986491,25.3707,1921,CH3,20250626.csv,
50104,20250727,168,Cs0.05MA0.1FA0.85PbI3.0,1.65,MACl,15.0,p-F-PEACl,2.0,,,"4,4,4-NA",0.5,,,,,3000,30,100,10,1000,5,5500,30,15,150,110,15,PDADI,0.5,PiPDI,0.15,,,,,5000,30,6,70,100,5,12.2243,53.2233,0.990799,23.1813,1921,CH4,20250626.csv,
50105,20250728,169,Cs0.05MA0.1FA0.85PbI3.0,1.65,MACl,15.0,m-F-PEACl,2.0,,,"4,4,4-NA",0.5,,,,,3000,30,100,10,1000,5,5500,30,15,150,110,15,PDADI,0.5,,,,,,,5000,30,6,70,100,5,25.458,81.3758,1.18598,26.3786,1922,CH1,20250627.csv,
50106,20250728,169,Cs0.05MA0.1FA0.85PbI3.0,1.65,MACl,15.0,m-F-PEACl,2.0,,,"4,4,4-NA",0.5,,,,,3000,30,100,10,1000,5,5500,30,15,150,110,15,PDADI,0.5,,,,,,,5000,30,6,70,100,5,21.3652,70.3862,1.1574,26.2263,1922,CH2,20250627.csv,
50107,20250728,169,Cs0.05MA0.1FA0.85PbI3.0,1.65,MACl,15.0,m-F-PEACl,2.0,,,"4,4,4-NA",0.5,,,,,3000,30,100,10,1000,5,5500,30,15,150,110,15,PDADI,0.5,,,,,,,5000,30,6,70,100,5,24.6781,80.3991,1.16368,26.3771,1922,CH3,20250627.csv,
50108,20250728,169,Cs0.05MA0.1FA0.85PbI3.0,1.65,MACl,15.0,m-F-PEACl,2.0,,,"4,4,4-NA",0.5,,,,,3000,30,100,10,1000,5,5500,30,15,150,110,15,PDADI,0.5,,,,,,,5000,30,6,70,100,5,24.755,81.4454,1.15927,26.2188,1922,CH4,20250627.csv,
50109,20250728,169,Cs0.05MA0.1FA0.85PbI3.0,1.65,MACl,15.0,m-F-PEACl,2.0,,,"4,4,4-NA",0.5,,,,,3000,30,100,10,1000,5,5500,30,15,150,110,15,PDADI,0.5,,,,,,,5000,30,6,70,100,5,0.0560756,24.6102,0.0192358,11.8454,1923,CH1,20250627.csv,
50110,20250728,169,Cs0.05MA0.1FA0.85PbI3.0,1.65,MACl,15.0,m-F-PEACl,2.0,,,"4,4,4-NA",0.5,,,,,3000,30,100,10,1000,5,5500,30,15,150,110,15,PDADI,0.5,,,,,,,5000,30,6,70,100,5,24.5345,78.6249,1.17288,26.6051,1923,CH2,20250627.csv,
50111,20250728,169,Cs0.05MA0.1FA0.85PbI3.0,1.65,MACl,15.0,m-F-PEACl,2.0,,,"4,4,4-NA",0.5,,,,,3000,30,100,10,1000,5,5500,30,15,150,110,15,PDADI,0.5,,,,,,,5000,30,6,70,100,5,25.6877,82.0864,1.17075,26.7294,1923,CH3,20250627.csv,
50112,20250728,169,Cs0.05MA0.1FA0.85PbI3.0,1.65,MACl,15.0,m-F-PEACl,2.0,,,"4,4,4-NA",0.5,,,,,3000,30,100,10,1000,5,5500,30,15,150,110,15,PDADI,0.5,,,,,,,5000,30,6,70,100,5,25.5691,82.6582,1.16977,26.4441,1923,CH4,20250627.csv,
50113,20250728,169,Cs0.05MA0.1FA0.85PbI3.0,1.65,MACl,15.0,m-F-PEACl,2.0,,,"4,4,4-NA",0.5,,,,,3000,30,100,10,1000,5,5500,30,15,150,110,15,PDADI,0.5,,,,,,,5000,30,6,70,100,5,25.451,82.5128,1.17901,26.1617,1924,CH1,20250627.csv,
50114,20250728,169,Cs0.05MA0.1FA0.85PbI3.0,1.65,MACl,15.0,m-F-PEACl,2.0,,,"4,4,4-NA",0.5,,,,,3000,30,100,10,1000,5,5500,30,15,150,110,15,PDADI,0.5,,,,,,,5000,30,6,70,100,5,24.3236,79.7746,1.16545,26.1618,1924,CH2,20250627.csv,
50115,20250728,169,Cs0.05MA0.1FA0.85PbI3.0,1.65,MACl,15.0,m-F-PEACl,2.0,,,"4,4,4-NA",0.5,,,,,3000,30,100,10,1000,5,5500,30,15,150,110,15,PDADI,0.5,,,,,,,5000,30,6,70,100,5,23.5386,77.8448,1.15656,26.1446,1924,CH3,20250627.csv,
50116,20250728,169,Cs0.05MA0.1FA0.85PbI3.0,1.65,MACl,15.0,m-F-PEACl,2.0,,,"4,4,4-NA",0.5,,,,,3000,30,100,10,1000,5,5500,30,15,150,110,15,PDADI,0.5,,,,,,,5000,30,6,70,100,5,24.9118,81.6697,1.16285,26.2314,1924,CH4,20250627.csv,
50117,20250728,169,Cs0.05MA0.1FA0.85PbI3.0,1.65,MACl,15.0,m-F-PEACl,2.0,,,"4,4,4-NA",0.5,,,,,3000,30,100,10,1000,5,5500,30,15,150,110,15,PEAI,0.15,PDADI,0.5,,,,,5000,30,6,70,100,5,24.6984,79.4301,1.18142,26.3195,1925,CH1,20250627.csv,
50118,20250728,169,Cs0.05MA0.1FA0.85PbI3.0,1.65,MACl,15.0,m-F-PEACl,2.0,,,"4,4,4-NA",0.5,,,,,3000,30,100,10,1000,5,5500,30,15,150,110,15,PEAI,0.15,PDADI,0.5,,,,,5000,30,6,70,100,5,6.35875,35.2414,0.70909,25.4458,1925,CH2,20250627.csv,
50119,20250728,169,Cs0.05MA0.1FA0.85PbI3.0,1.65,MACl,15.0,m-F-PEACl,2.0,,,"4,4,4-NA",0.5,,,,,3000,30,100,10,1000,5,5500,30,15,150,110,15,PEAI,0.15,PDADI,0.5,,,,,5000,30,6,70,100,5,20.3402,67.9063,1.1547,25.9403,1925,CH3,20250627.csv,
50120,20250728,169,Cs0.05MA0.1FA0.85PbI3.0,1.65,MACl,15.0,m-F-PEACl,2.0,,,"4,4,4-NA",0.5,,,,,3000,30,100,10,1000,5,5500,30,15,150,110,15,PEAI,0.15,PDADI,0.5,,,,,5000,30,6,70,100,5,19.6926,65.604,1.15628,25.9602,1925,CH4,20250627.csv,
50121,20250728,169,Cs0.05MA0.1FA0.85PbI3.0,1.65,MACl,15.0,m-F-PEACl,2.0,,,"4,4,4-NA",0.5,,,,,3000,30,100,10,1000,5,5500,30,15,150,110,15,PEAI,0.15,PDADI,0.5,,,,,5000,30,6,70,100,5,26.4877,81.8061,1.19034,27.2013,1926,CH1,20250627.csv,
50122,20250728,169,Cs0.05MA0.1FA0.85PbI3.0,1.65,MACl,15.0,m-F-PEACl,2.0,,,"4,4,4-NA",0.5,,,,,3000,30,100,10,1000,5,5500,30,15,150,110,15,PEAI,0.15,PDADI,0.5,,,,,5000,30,6,70,100,5,2.91297,27.6263,0.415914,25.3519,1926,CH2,20250627.csv,
50123,20250728,169,Cs0.05MA0.1FA0.85PbI3.0,1.65,MACl,15.0,m-F-PEACl,2.0,,,"4,4,4-NA",0.5,,,,,3000,30,100,10,1000,5,5500,30,15,150,110,15,PEAI,0.15,PDADI,0.5,,,,,5000,30,6,70,100,5,25.2624,78.6392,1.17616,27.313,1926,CH3,20250627.csv,
50124,20250728,169,Cs0.05MA0.1FA0.85PbI3.0,1.65,MACl,15.0,m-F-PEACl,2.0,,,"4,4,4-NA",0.5,,,,,3000,30,100,10,1000,5,5500,30,15,150,110,15,PEAI,0.15,PDADI,0.5,,,,,5000,30,6,70,100,5,19.3129,62.1527,1.13375,27.4074,1926,CH4,20250627.csv,
50125,20250728,169,Cs0.05MA0.05FA0.9PbI3.0,1.65,MACl,15.0,m-F-PEACl,2.0,,,"4,4,4-NA",0.5,,,,,3000,30,100,10,1000,5,5500,30,15,150,110,15,PEAI,0.15,PDADI,0.5,,,,,5000,30,6,70,100,5,26.2164,82.8937,1.17701,26.8702,1927,CH1,20250627.csv,
50126,20250728,169,Cs0.05MA0.05FA0.9PbI3.0,1.65,MACl,15.0,m-F-PEACl,2.0,,,"4,4,4-NA",0.5,,,,,3000,30,100,10,1000,5,5500,30,15,150,110,15,PEAI,0.15,PDADI,0.5,,,,,5000,30,6,70,100,5,25.4933,81.7108,1.16541,26.7712,1927,CH2,20250627.csv,
50127,20250728,169,Cs0.05MA0.05FA0.9PbI3.0,1.65,MACl,15.0,m-F-PEACl,2.0,,,"4,4,4-NA",0.5,,,,,3000,30,100,10,1000,5,5500,30,15,150,110,15,PEAI,0.15,PDADI,0.5,,,,,5000,30,6,70,100,5,25.2347,81.7927,1.15824,26.6369,1927,CH3,20250627.csv,
50128,20250728,169,Cs0.05MA0.05FA0.9PbI3.0,1.65,MACl,15.0,m-F-PEACl,2.0,,,"4,4,4-NA",0.5,,,,,3000,30,100,10,1000,5,5500,30,15,150,110,15,PEAI,0.15,PDADI,0.5,,,,,5000,30,6,70,100,5,25.3045,82.5803,1.16054,26.4033,1927,CH4,20250627.csv,
50129,20250728,169,Cs0.05MA0.05FA0.9PbI3.0,1.65,MACl,15.0,m-F-PEACl,2.0,,,"4,4,4-NA",0.5,,,,,3000,30,100,10,1000,5,5500,30,15,150,110,15,PDADI,0.5,PiPI,0.15,,,,,5000,30,6,70,100,5,26.7639,83.2574,1.17558,27.3447,1928,CH1,20250627.csv,
50130,20250728,169,Cs0.05MA0.05FA0.9PbI3.0,1.65,MACl,15.0,m-F-PEACl,2.0,,,"4,4,4-NA",0.5,,,,,3000,30,100,10,1000,5,5500,30,15,150,110,15,PDADI,0.5,PiPI,0.15,,,,,5000,30,6,70,100,5,26.1693,82.239,1.1656,27.3001,1928,CH2,20250627.csv,
50131,20250728,169,Cs0.05MA0.05FA0.9PbI3.0,1.65,MACl,15.0,m-F-PEACl,2.0,,,"4,4,4-NA",0.5,,,,,3000,30,100,10,1000,5,5500,30,15,150,110,15,PDADI,0.5,PiPI,0.15,,,,,5000,30,6,70,100,5,25.8255,81.9316,1.16193,27.128,1928,CH3,20250627.csv,
50132,20250728,169,Cs0.05MA0.05FA0.9PbI3.0,1.65,MACl,15.0,m-F-PEACl,2.0,,,"4,4,4-NA",0.5,,,,,3000,30,100,10,1000,5,5500,30,15,150,110,15,PDADI,0.5,PiPI,0.15,,,,,5000,30,6,70,100,5,25.8581,82.6031,1.16367,26.9011,1928,CH4,20250627.csv,
50133,20250728,169,Cs0.05MA0.05FA0.9PbI3.0,1.65,MACl,15.0,m-F-PEACl,2.0,,,"4,4,4-NA",0.5,,,,,3000,30,100,10,1000,5,5500,30,15,150,110,15,PDADI,0.5,PiPI,0.15,,,,,5000,30,6,70,100,5,25.4231,81.2554,1.17924,26.5324,1929,CH1,20250627.csv,
50134,20250728,169,Cs0.05MA0.05FA0.9PbI3.0,1.65,MACl,15.0,m-F-PEACl,2.0,,,"4,4,4-NA",0.5,,,,,3000,30,100,10,1000,5,5500,30,15,150,110,15,PDADI,0.5,PiPI,0.15,,,,,5000,30,6,70,100,5,24.9291,81.3112,1.16167,26.3921,1929,CH2,20250627.csv,
50135,20250728,169,Cs0.05MA0.05FA0.9PbI3.0,1.65,MACl,15.0,m-F-PEACl,2.0,,,"4,4,4-NA",0.5,,,,,3000,30,100,10,1000,5,5500,30,15,150,110,15,PDADI,0.5,PiPI,0.15,,,,,5000,30,6,70,100,5,24.8453,81.7663,1.15776,26.2454,1929,CH3,20250627.csv,
50136,20250728,169,Cs0.05MA0.05FA0.9PbI3.0,1.65,MACl,15.0,m-F-PEACl,2.0,,,"4,4,4-NA",0.5,,,,,3000,30,100,10,1000,5,5500,30,15,150,110,15,PDADI,0.5,PiPI,0.15,,,,,5000,30,6,70,100,5,24.9395,82.7271,1.16249,25.9328,1929,CH4,20250627.csv,
50137,20250728,169,Cs0.05MA0.05FA0.9PbI3.0,1.65,MACl,15.0,m-F-PEACl,2.0,,,"4,4,4-NA",0.5,,,,,3000,30,100,10,1000,5,5500,30,15,150,110,15,PDADI,0.5,PiPI,0.15,,,,,5000,30,6,70,100,5,24.1626,80.9327,1.18202,25.2577,1930,CH1,20250627.csv,
50138,20250728,169,Cs0.05MA0.05FA0.9PbI3.0,1.65,MACl,15.0,m-F-PEACl,2.0,,,"4,4,4-NA",0.5,,,,,3000,30,100,10,1000,5,5500,30,15,150,110,15,PDADI,0.5,PiPI,0.15,,,,,5000,30,6,70,100,5,8.09425,37.2449,0.866714,25.0746,1930,CH2,20250627.csv,
50139,20250728,169,Cs0.05MA0.05FA0.9PbI3.0,1.65,MACl,15.0,m-F-PEACl,2.0,,,"4,4,4-NA",0.5,,,,,3000,30,100,10,1000,5,5500,30,15,150,110,15,PDADI,0.5,PiPI,0.15,,,,,5000,30,6,70,100,5,21.6927,73.9695,1.1675,25.1192,1930,CH3,20250627.csv,
50140,20250728,169,Cs0.05MA0.05FA0.9PbI3.0,1.65,MACl,15.0,m-F-PEACl,2.0,,,"4,4,4-NA",0.5,,,,,3000,30,100,10,1000,5,5500,30,15,150,110,15,PDADI,0.5,PiPI,0.15,,,,,5000,30,6,70,100,5,23.9061,81.5493,1.16925,25.0717,1930,CH4,20250627.csv,
50141,20250728,169,Cs0.05MA0.05FA0.9PbI3.0,1.65,MACl,15.0,m-F-PEACl,2.0,,,"4,4,4-NA",0.5,,,,,3000,30,100,10,1000,5,5500,30,15,150,110,15,PDADI,0.5,PiPDI,0.15,,,,,5000,30,6,70,100,5,25.6476,81.4827,1.17986,26.6778,1931,CH1,20250627.csv,
50142,20250728,169,Cs0.05MA0.05FA0.9PbI3.0,1.65,MACl,15.0,m-F-PEACl,2.0,,,"4,4,4-NA",0.5,,,,,3000,30,100,10,1000,5,5500,30,15,150,110,15,PDADI,0.5,PiPDI,0.15,,,,,5000,30,6,70,100,5,25.0257,80.4438,1.16775,26.6405,1931,CH2,20250627.csv,
50143,20250728,169,Cs0.05MA0.05FA0.9PbI3.0,1.65,MACl,15.0,m-F-PEACl,2.0,,,"4,4,4-NA",0.5,,,,,3000,30,100,10,1000,5,5500,30,15,150,110,15,PDADI,0.5,PiPDI,0.15,,,,,5000,30,6,70,100,5,0.522693,24.9277,0.113562,18.4642,1931,CH3,20250627.csv,
50144,20250728,169,Cs0.05MA0.05FA0.9PbI3.0,1.65,MACl,15.0,m-F-PEACl,2.0,,,"4,4,4-NA",0.5,,,,,3000,30,100,10,1000,5,5500,30,15,150,110,15,PDADI,0.5,PiPDI,0.15,,,,,5000,30,6,70,100,5,24.9204,81.0242,1.16924,26.3048,1931,CH4,20250627.csv,
50145,20250728,169,Cs0.05MA0.08FA0.87PbI3.0,1.65,MACl,15.0,m-F-PEACl,2.0,,,"4,4,4-NA",0.5,,,,,3000,30,100,10,1000,5,5500,30,15,150,110,15,PDADI,0.5,PiPDI,0.15,,,,,5000,30,6,70,100,5,26.6338,82.4809,1.18515,27.2463,1932,CH1,20250627.csv,
50146,20250728,169,Cs0.05MA0.08FA0.87PbI3.0,1.65,MACl,15.0,m-F-PEACl,2.0,,,"4,4,4-NA",0.5,,,,,3000,30,100,10,1000,5,5500,30,15,150,110,15,PDADI,0.5,PiPDI,0.15,,,,,5000,30,6,70,100,5,26.6506,81.88,1.1775,27.642,1932,CH2,20250627.csv,
50147,20250728,169,Cs0.05MA0.08FA0.87PbI3.0,1.65,MACl,15.0,m-F-PEACl,2.0,,,"4,4,4-NA",0.5,,,,,3000,30,100,10,1000,5,5500,30,15,150,110,15,PDADI,0.5,PiPDI,0.15,,,,,5000,30,6,70,100,5,26.4403,81.9308,1.16794,27.6312,1932,CH3,20250627.csv,
50148,20250728,169,Cs0.05MA0.08FA0.87PbI3.0,1.65,MACl,15.0,m-F-PEACl,2.0,,,"4,4,4-NA",0.5,,,,,3000,30,100,10,1000,5,5500,30,15,150,110,15,PDADI,0.5,PiPDI,0.15,,,,,5000,30,6,70,100,5,26.7809,82.3506,1.16754,27.8539,1932,CH4,20250627.csv,
50149,20250728,169,Cs0.05MA0.08FA0.87PbI3.0,1.65,MACl,15.0,m-F-PEACl,2.0,,,"4,4,4-NA",0.5,,,,,3000,30,100,10,1000,5,5500,30,15,150,110,15,PDADI,0.5,PiPDI,0.15,,,,,5000,30,6,70,100,5,22.5684,78.6579,1.17475,24.4237,1933,CH1,20250627.csv,
50150,20250728,169,Cs0.05MA0.08FA0.87PbI3.0,1.65,MACl,15.0,m-F-PEACl,2.0,,,"4,4,4-NA",0.5,,,,,3000,30,100,10,1000,5,5500,30,15,150,110,15,PDADI,0.5,PiPDI,0.15,,,,,5000,30,6,70,100,5,21.934,78.2466,1.16495,24.0628,1933,CH2,20250627.csv,
50151,20250728,169,Cs0.05MA0.08FA0.87PbI3.0,1.65,MACl,15.0,m-F-PEACl,2.0,,,"4,4,4-NA",0.5,,,,,3000,30,100,10,1000,5,5500,30,15,150,110,15,PDADI,0.5,PiPDI,0.15,,,,,5000,30,6,70,100,5,22.4739,80.2125,1.15804,24.1943,1933,CH3,20250627.csv,
50152,20250728,169,Cs0.05MA0.08FA0.87PbI3.0,1.65,MACl,15.0,m-F-PEACl,2.0,,,"4,4,4-NA",0.5,,,,,3000,30,100,10,1000,5,5500,30,15,150,110,15,PDADI,0.5,PiPDI,0.15,,,,,5000,30,6,70,100,5,22.3147,80.6819,1.15813,23.8813,1933,CH4,20250627.csv,
50153,20250728,169,Cs0.05MA0.08FA0.87PbI3.0,1.65,MACl,15.0,p-F-PEACl,2.0,,,"4,4,4-NA",0.5,,,,,3000,30,100,10,1000,5,5500,30,15,150,110,15,PDADI,0.5,,,,,,,5000,30,6,70,100,5,22.0625,78.7376,1.17796,23.7873,1934,CH1,20250627.csv,
50154,20250728,169,Cs0.05MA0.08FA0.87PbI3.0,1.65,MACl,15.0,p-F-PEACl,2.0,,,"4,4,4-NA",0.5,,,,,3000,30,100,10,1000,5,5500,30,15,150,110,15,PDADI,0.5,,,,,,,5000,30,6,70,100,5,22.7735,80.3962,1.16495,24.3156,1934,CH2,20250627.csv,
50155,20250728,169,Cs0.05MA0.08FA0.87PbI3.0,1.65,MACl,15.0,p-F-PEACl,2.0,,,"4,4,4-NA",0.5,,,,,3000,30,100,10,1000,5,5500,30,15,150,110,15,PDADI,0.5,,,,,,,5000,30,6,70,100,5,22.944,80.6952,1.15631,24.5894,1934,CH3,20250627.csv,
50156,20250728,169,Cs0.05MA0.08FA0.87PbI3.0,1.65,MACl,15.0,p-F-PEACl,2.0,,,"4,4,4-NA",0.5,,,,,3000,30,100,10,1000,5,5500,30,15,150,110,15,PDADI,0.5,,,,,,,5000,30,6,70,100,5,22.5688,80.2674,1.15592,24.3243,1934,CH4,20250627.csv,
50157,20250728,169,Cs0.05MA0.08FA0.87PbI3.0,1.65,MACl,15.0,p-F-PEACl,2.0,,,"4,4,4-NA",0.5,,,,,3000,30,100,10,1000,5,5500,30,15,150,110,15,PDADI,0.5,,,,,,,5000,30,6,70,100,5,23.7414,81.4717,1.17811,24.7352,1935,CH1,20250627.csv,
50158,20250728,169,Cs0.05MA0.08FA0.87PbI3.0,1.65,MACl,15.0,p-F-PEACl,2.0,,,"4,4,4-NA",0.5,,,,,3000,30,100,10,1000,5,5500,30,15,150,110,15,PDADI,0.5,,,,,,,5000,30,6,70,100,5,21.9173,76.5825,1.16984,24.4642,1935,CH2,20250627.csv,
50159,20250728,169,Cs0.05MA0.08FA0.87PbI3.0,1.65,MACl,15.0,p-F-PEACl,2.0,,,"4,4,4-NA",0.5,,,,,3000,30,100,10,1000,5,5500,30,15,150,110,15,PDADI,0.5,,,,,,,5000,30,6,70,100,5,19.1264,68.2324,1.15865,24.1931,1935,CH3,20250627.csv,
50160,20250728,169,Cs0.05MA0.08FA0.87PbI3.0,1.65,MACl,15.0,p-F-PEACl,2.0,,,"4,4,4-NA",0.5,,,,,3000,30,100,10,1000,5,5500,30,15,150,110,15,PDADI,0.5,,,,,,,5000,30,6,70,100,5,21.9631,78.7055,1.16552,23.9425,1935,CH4,20250627.csv,
50161,20250728,169,Cs0.05MA0.08FA0.87PbI3.0,1.65,MACl,15.0,p-F-PEACl,2.0,,,"4,4,4-NA",0.5,,,,,3000,30,100,10,1000,5,5500,30,15,150,110,15,PDADI,0.5,,,,,,,5000,30,6,70,100,5,21.4528,69.4071,1.17344,26.3401,1936,CH1,20250627.csv,
50162,20250728,169,Cs0.05MA0.08FA0.87PbI3.0,1.65,MACl,15.0,p-F-PEACl,2.0,,,"4,4,4-NA",0.5,,,,,3000,30,100,10,1000,5,5500,30,15,150,110,15,PDADI,0.5,,,,,,,5000,30,6,70,100,5,22.6165,74.3839,1.16394,26.1226,1936,CH2,20250627.csv,
50163,20250728,169,Cs0.05MA0.08FA0.87PbI3.0,1.65,MACl,15.0,p-F-PEACl,2.0,,,"4,4,4-NA",0.5,,,,,3000,30,100,10,1000,5,5500,30,15,150,110,15,PDADI,0.5,,,,,,,5000,30,6,70,100,5,24.3631,79.6339,1.16034,26.3662,1936,CH3,20250627.csv,
50164,20250728,169,Cs0.05MA0.08FA0.87PbI3.0,1.65,MACl,15.0,p-F-PEACl,2.0,,,"4,4,4-NA",0.5,,,,,3000,30,100,10,1000,5,5500,30,15,150,110,15,PDADI,0.5,,,,,,,5000,30,6,70,100,5,24.7998,81.189,1.16268,26.2717,1936,CH4,20250627.csv,
50165,20250728,169,Cs0.05MA0.08FA0.87PbI3.0,1.65,MACl,15.0,p-F-PEACl,2.0,,,"4,4,4-NA",0.5,,,,,3000,30,100,10,1000,5,5500,30,15,150,110,15,PEAI,0.15,PDADI,0.5,,,,,5000,30,6,70,100,5,24.2889,80.5386,1.17598,25.645,1937,CH1,20250627.csv,
50166,20250728,169,Cs0.05MA0.08FA0.87PbI3.0,1.65,MACl,15.0,p-F-PEACl,2.0,,,"4,4,4-NA",0.5,,,,,3000,30,100,10,1000,5,5500,30,15,150,110,15,PEAI,0.15,PDADI,0.5,,,,,5000,30,6,70,100,5,23.9413,80.1675,1.171,25.5031,1937,CH2,20250627.csv,
50167,20250728,169,Cs0.05MA0.08FA0.87PbI3.0,1.65,MACl,15.0,p-F-PEACl,2.0,,,"4,4,4-NA",0.5,,,,,3000,30,100,10,1000,5,5500,30,15,150,110,15,PEAI,0.15,PDADI,0.5,,,,,5000,30,6,70,100,5,23.889,80.5303,1.16612,25.4387,1937,CH3,20250627.csv,
50168,20250728,169,Cs0.05MA0.08FA0.87PbI3.0,1.65,MACl,15.0,p-F-PEACl,2.0,,,"4,4,4-NA",0.5,,,,,3000,30,100,10,1000,5,5500,30,15,150,110,15,PEAI,0.15,PDADI,0.5,,,,,5000,30,6,70,100,5,23.7989,80.9996,1.16432,25.235,1937,CH4,20250627.csv,
50169,20250728,169,Cs0.05MA0.08FA0.87PbI3.0,1.65,MACl,15.0,p-F-PEACl,2.0,,,"4,4,4-NA",0.5,,,,,3000,30,100,10,1000,5,5500,30,15,150,110,15,PEAI,0.15,PDADI,0.5,,,,,5000,30,6,70,100,5,21.2107,79.0719,1.17658,22.7988,1938,CH1,20250627.csv,
50170,20250728,169,Cs0.05MA0.08FA0.87PbI3.0,1.65,MACl,15.0,p-F-PEACl,2.0,,,"4,4,4-NA",0.5,,,,,3000,30,100,10,1000,5,5500,30,15,150,110,15,PEAI,0.15,PDADI,0.5,,,,,5000,30,6,70,100,5,21.3119,79.6113,1.16414,22.9954,1938,CH2,20250627.csv,
50171,20250728,169,Cs0.05MA0.08FA0.87PbI3.0,1.65,MACl,15.0,p-F-PEACl,2.0,,,"4,4,4-NA",0.5,,,,,3000,30,100,10,1000,5,5500,30,15,150,110,15,PEAI,0.15,PDADI,0.5,,,,,5000,30,6,70,100,5,21.2078,79.7077,1.15624,23.0117,1938,CH3,20250627.csv,
50172,20250728,169,Cs0.05MA0.08FA0.87PbI3.0,1.65,MACl,15.0,p-F-PEACl,2.0,,,"4,4,4-NA",0.5,,,,,3000,30,100,10,1000,5,5500,30,15,150,110,15,PEAI,0.15,PDADI,0.5,,,,,5000,30,6,70,100,5,21.0848,79.851,1.15706,22.821,1938,CH4,20250627.csv,
50173,20250728,169,Cs0.05MA0.08FA0.87PbI3.0,1.65,MACl,15.0,p-F-PEACl,2.0,,,"4,4,4-NA",0.5,,,,,3000,30,100,10,1000,5,5500,30,15,150,110,15,PEAI,0.15,PDADI,0.5,,,,,5000,30,6,70,100,5,17.8262,65.6787,1.14488,23.7069,1939,CH1,20250627.csv,
50174,20250728,169,Cs0.05MA0.08FA0.87PbI3.0,1.65,MACl,15.0,p-F-PEACl,2.0,,,"4,4,4-NA",0.5,,,,,3000,30,100,10,1000,5,5500,30,15,150,110,15,PEAI,0.15,PDADI,0.5,,,,,5000,30,6,70,100,5,13.0362,48.8395,1.1143,23.9539,1939,CH2,20250627.csv,
50175,20250728,169,Cs0.05MA0.08FA0.87PbI3.0,1.65,MACl,15.0,p-F-PEACl,2.0,,,"4,4,4-NA",0.5,,,,,3000,30,100,10,1000,5,5500,30,15,150,110,15,PEAI,0.15,PDADI,0.5,,,,,5000,30,6,70,100,5,21.8661,75.6692,1.14438,25.2513,1939,CH3,20250627.csv,
50176,20250728,169,Cs0.05MA0.08FA0.87PbI3.0,1.65,MACl,15.0,p-F-PEACl,2.0,,,"4,4,4-NA",0.5,,,,,3000,30,100,10,1000,5,5500,30,15,150,110,15,PEAI,0.15,PDADI,0.5,,,,,5000,30,6,70,100,5,22.8056,78.9955,1.14823,25.1425,1939,CH4,20250627.csv,
50177,20250728,169,Cs0.05MA0.08FA0.87PbI3.0,1.65,MACl,15.0,p-F-PEACl,2.0,,,"4,4,4-NA",0.5,,,,,3000,30,100,10,1000,5,5500,30,15,150,110,15,PDADI,0.5,PiPI,0.15,,,,,5000,30,6,70,100,5,19.6573,69.5977,1.14602,24.6455,1940,CH1,20250627.csv,
50178,20250728,169,Cs0.05MA0.08FA0.87PbI3.0,1.65,MACl,15.0,p-F-PEACl,2.0,,,"4,4,4-NA",0.5,,,,,3000,30,100,10,1000,5,5500,30,15,150,110,15,PDADI,0.5,PiPI,0.15,,,,,5000,30,6,70,100,5,22.7823,79.003,1.1581,24.9005,1940,CH2,20250627.csv,
50179,20250728,169,Cs0.05MA0.08FA0.87PbI3.0,1.65,MACl,15.0,p-F-PEACl,2.0,,,"4,4,4-NA",0.5,,,,,3000,30,100,10,1000,5,5500,30,15,150,110,15,PDADI,0.5,PiPI,0.15,,,,,5000,30,6,70,100,5,23.0813,79.628,1.15347,25.1298,1940,CH3,20250627.csv,
50180,20250728,169,Cs0.05MA0.08FA0.87PbI3.0,1.65,MACl,15.0,p-F-PEACl,2.0,,,"4,4,4-NA",0.5,,,,,3000,30,100,10,1000,5,5500,30,15,150,110,15,PDADI,0.5,PiPI,0.15,,,,,5000,30,6,70,100,5,22.8558,79.6529,1.14932,24.9663,1940,CH4,20250627.csv,
50181,20250728,169,Cs0.05MA0.08FA0.87PbI3.0,1.65,MACl,15.0,p-F-PEACl,2.0,,,"4,4,4-NA",0.5,,,,,3000,30,100,10,1000,5,5500,30,15,150,110,15,PDADI,0.5,PiPI,0.15,,,,,5000,30,6,70,100,5,21.7923,77.3611,1.15971,24.2903,1941,CH1,20250627.csv,
50182,20250728,169,Cs0.05MA0.08FA0.87PbI3.0,1.65,MACl,15.0,p-F-PEACl,2.0,,,"4,4,4-NA",0.5,,,,,3000,30,100,10,1000,5,5500,30,15,150,110,15,PDADI,0.5,PiPI,0.15,,,,,5000,30,6,70,100,5,22.0292,78.5331,1.15473,24.2922,1941,CH2,20250627.csv,
50183,20250728,169,Cs0.05MA0.08FA0.87PbI3.0,1.65,MACl,15.0,p-F-PEACl,2.0,,,"4,4,4-NA",0.5,,,,,3000,30,100,10,1000,5,5500,30,15,150,110,15,PDADI,0.5,PiPI,0.15,,,,,5000,30,6,70,100,5,22.1851,79.5438,1.15124,24.2265,1941,CH3,20250627.csv,
50184,20250728,169,Cs0.05MA0.08FA0.87PbI3.0,1.65,MACl,15.0,p-F-PEACl,2.0,,,"4,4,4-NA",0.5,,,,,3000,30,100,10,1000,5,5500,30,15,150,110,15,PDADI,0.5,PiPI,0.15,,,,,5000,30,6,70,100,5,20.9903,76.1988,1.14306,24.0993,1941,CH4,20250627.csv,
50185,20250728,169,Cs0.05MA0.1FA0.85PbI3.0,1.65,MACl,15.0,p-F-PEACl,2.0,,,"4,4,4-NA",0.5,,,,,3000,30,100,10,1000,5,5500,30,15,150,110,15,PDADI,0.5,PiPI,0.15,,,,,5000,30,6,70,100,5,0.341304,24.76,0.0745158,18.4988,1942,CH1,20250627.csv,
50186,20250728,169,Cs0.05MA0.1FA0.85PbI3.0,1.65,MACl,15.0,p-F-PEACl,2.0,,,"4,4,4-NA",0.5,,,,,3000,30,100,10,1000,5,5500,30,15,150,110,15,PDADI,0.5,PiPI,0.15,,,,,5000,30,6,70,100,5,0.568335,26.5714,0.116305,18.3905,1942,CH2,20250627.csv,
50187,20250728,169,Cs0.05MA0.1FA0.85PbI3.0,1.65,MACl,15.0,p-F-PEACl,2.0,,,"4,4,4-NA",0.5,,,,,3000,30,100,10,1000,5,5500,30,15,150,110,15,PDADI,0.5,PiPI,0.15,,,,,5000,30,6,70,100,5,0.210941,24.8271,0.0571591,14.8645,1942,CH3,20250627.csv,
50188,20250728,169,Cs0.05MA0.1FA0.85PbI3.0,1.65,MACl,15.0,p-F-PEACl,2.0,,,"4,4,4-NA",0.5,,,,,3000,30,100,10,1000,5,5500,30,15,150,110,15,PDADI,0.5,PiPI,0.15,,,,,5000,30,6,70,100,5,19.8589,72.0351,1.14611,24.0539,1942,CH4,20250627.csv,
50189,20250728,169,Cs0.05MA0.1FA0.85PbI3.0,1.65,MACl,15.0,p-F-PEACl,2.0,,,"4,4,4-NA",0.5,,,,,3000,30,100,10,1000,5,5500,30,15,150,110,15,PDADI,0.5,PiPDI,0.15,,,,,5000,30,6,70,100,5,22.4325,78.7031,1.17718,24.2127,1943,CH1,20250627.csv,
50190,20250728,169,Cs0.05MA0.1FA0.85PbI3.0,1.65,MACl,15.0,p-F-PEACl,2.0,,,"4,4,4-NA",0.5,,,,,3000,30,100,10,1000,5,5500,30,15,150,110,15,PDADI,0.5,PiPDI,0.15,,,,,5000,30,6,70,100,5,21.0441,79.2481,1.1691,22.7139,1943,CH2,20250627.csv,
50191,20250728,169,Cs0.05MA0.1FA0.85PbI3.0,1.65,MACl,15.0,p-F-PEACl,2.0,,,"4,4,4-NA",0.5,,,,,3000,30,100,10,1000,5,5500,30,15,150,110,15,PDADI,0.5,PiPDI,0.15,,,,,5000,30,6,70,100,5,22.1118,80.052,1.163,23.7506,1943,CH3,20250627.csv,
50192,20250728,169,Cs0.05MA0.1FA0.85PbI3.0,1.65,MACl,15.0,p-F-PEACl,2.0,,,"4,4,4-NA",0.5,,,,,3000,30,100,10,1000,5,5500,30,15,150,110,15,PDADI,0.5,PiPDI,0.15,,,,,5000,30,6,70,100,5,22.0438,81.0518,1.16242,23.3971,1943,CH4,20250627.csv,
50193,20250728,169,Cs0.05MA0.1FA0.85PbI3.0,1.65,MACl,15.0,p-F-PEACl,2.0,,,"4,4,4-NA",0.5,,,,,3000,30,100,10,1000,5,5500,30,15,150,110,15,PDADI,0.5,PiPDI,0.15,,,,,5000,30,6,70,100,5,23.7285,81.4133,1.18115,24.6757,1944,CH1,20250627.csv,
50194,20250728,169,Cs0.05MA0.1FA0.85PbI3.0,1.65,MACl,15.0,p-F-PEACl,2.0,,,"4,4,4-NA",0.5,,,,,3000,30,100,10,1000,5,5500,30,15,150,110,15,PDADI,0.5,PiPDI,0.15,,,,,5000,30,6,70,100,5,23.3847,80.6388,1.17268,24.7291,1944,CH2,20250627.csv,
50195,20250728,169,Cs0.05MA0.1FA0.85PbI3.0,1.65,MACl,15.0,p-F-PEACl,2.0,,,"4,4,4-NA",0.5,,,,,3000,30,100,10,1000,5,5500,30,15,150,110,15,PDADI,0.5,PiPDI,0.15,,,,,5000,30,6,70,100,5,11.6583,43.8709,1.08208,24.5582,1944,CH3,20250627.csv,
50196,20250728,169,Cs0.05MA0.1FA0.85PbI3.0,1.65,MACl,15.0,p-F-PEACl,2.0,,,"4,4,4-NA",0.5,,,,,3000,30,100,10,1000,5,5500,30,15,150,110,15,PDADI,0.5,PiPDI,0.15,,,,,5000,30,6,70,100,5,22.897,80.9204,1.16424,24.3041,1944,CH4,20250627.csv,
50197,20250729,170,Cs0.05MA0.1FA0.85PbI3.0,1.65,MACl,15.0,m-F-PEACl,2.0,,,4PADCB,0.104,"4,4,4-NA",0.415,,,3000,30,100,10,1000,5,5500,30,15,150,110,15,PDADI,0.5,,,,,,,5000,30,6,70,100,5,23.5472,80.185,1.17646,24.9613,1945,CH1,20250630.csv,
50198,20250729,170,Cs0.05MA0.1FA0.85PbI3.0,1.65,MACl,15.0,m-F-PEACl,2.0,,,4PADCB,0.104,"4,4,4-NA",0.415,,,3000,30,100,10,1000,5,5500,30,15,150,110,15,PDADI,0.5,,,,,,,5000,30,6,70,100,5,23.0515,80.6784,1.16464,24.533,1945,CH2,20250630.csv,
50199,20250729,170,Cs0.05MA0.1FA0.85PbI3.0,1.65,MACl,15.0,m-F-PEACl,2.0,,,4PADCB,0.104,"4,4,4-NA",0.415,,,3000,30,100,10,1000,5,5500,30,15,150,110,15,PDADI,0.5,,,,,,,5000,30,6,70,100,5,22.8094,81.1014,1.15873,24.2719,1945,CH3,20250630.csv,
50200,20250729,170,Cs0.05MA0.1FA0.85PbI3.0,1.65,MACl,15.0,m-F-PEACl,2.0,,,4PADCB,0.104,"4,4,4-NA",0.415,,,3000,30,100,10,1000,5,5500,30,15,150,110,15,PDADI,0.5,,,,,,,5000,30,6,70,100,5,22.8751,81.6847,1.15841,24.1746,1945,CH4,20250630.csv,
50201,20250729,170,Cs0.05MA0.1FA0.85PbI3.0,1.65,MACl,15.0,m-F-PEACl,2.0,,,4PADCB,0.104,"4,4,4-NA",0.415,,,3000,30,100,10,1000,5,5500,30,15,150,110,15,PDADI,0.5,,,,,,,5000,30,6,70,100,5,23.19,74.7861,1.17468,26.3973,1946,CH1,20250630.csv,
50202,20250729,170,Cs0.05MA0.1FA0.85PbI3.0,1.65,MACl,15.0,m-F-PEACl,2.0,,,4PADCB,0.104,"4,4,4-NA",0.415,,,3000,30,100,10,1000,5,5500,30,15,150,110,15,PDADI,0.5,,,,,,,5000,30,6,70,100,5,22.9367,78.5581,1.16224,25.1215,1946,CH2,20250630.csv,
50203,20250729,170,Cs0.05MA0.1FA0.85PbI3.0,1.65,MACl,15.0,m-F-PEACl,2.0,,,4PADCB,0.104,"4,4,4-NA",0.415,,,3000,30,100,10,1000,5,5500,30,15,150,110,15,PDADI,0.5,,,,,,,5000,30,6,70,100,5,24.0292,81.5163,1.1658,25.2854,1946,CH3,20250630.csv,
50204,20250729,170,Cs0.05MA0.1FA0.85PbI3.0,1.65,MACl,15.0,m-F-PEACl,2.0,,,4PADCB,0.104,"4,4,4-NA",0.415,,,3000,30,100,10,1000,5,5500,30,15,150,110,15,PDADI,0.5,,,,,,,5000,30,6,70,100,5,24.1848,77.0709,1.17676,26.6664,1946,CH4,20250630.csv,
50205,20250729,170,Cs0.05MA0.1FA0.85PbI3.0,1.65,MACl,15.0,m-F-PEACl,2.0,,,4PADCB,0.104,"4,4,4-NA",0.415,,,3000,30,100,10,1000,5,5500,30,15,150,110,15,PDADI,0.5,,,,,,,5000,30,6,70,100,5,23.8864,79.2354,1.16358,25.9082,1947,CH1,20250630.csv,
50206,20250729,170,Cs0.05MA0.1FA0.85PbI3.0,1.65,MACl,15.0,m-F-PEACl,2.0,,,4PADCB,0.104,"4,4,4-NA",0.415,,,3000,30,100,10,1000,5,5500,30,15,150,110,15,PDADI,0.5,,,,,,,5000,30,6,70,100,5,23.9596,80.7328,1.15751,25.6392,1947,CH2,20250630.csv,
50207,20250729,170,Cs0.05MA0.1FA0.85PbI3.0,1.65,MACl,15.0,m-F-PEACl,2.0,,,4PADCB,0.104,"4,4,4-NA",0.415,,,3000,30,100,10,1000,5,5500,30,15,150,110,15,PDADI,0.5,,,,,,,5000,30,6,70,100,5,24.0634,81.2592,1.1582,25.5683,1947,CH3,20250630.csv,
50208,20250729,170,Cs0.05MA0.1FA0.85PbI3.0,1.65,MACl,15.0,m-F-PEACl,2.0,,,4PADCB,0.104,"4,4,4-NA",0.415,,,3000,30,100,10,1000,5,5500,30,15,150,110,15,PDADI,0.5,,,,,,,5000,30,6,70,100,5,24.2709,78.6848,1.18419,26.0481,1947,CH4,20250630.csv,
50209,20250729,170,Cs0.05MA0.1FA0.85PbI3.0,1.65,MACl,15.0,m-F-PEACl,2.0,,,py3,0.104,"4,4,4-NA",0.415,,,3000,30,100,10,1000,5,5500,30,15,150,110,15,PDADI,0.5,,,,,,,5000,30,6,70,100,5,24.0071,79.7917,1.17616,25.5809,1948,CH1,20250630.csv,
50210,20250729,170,Cs0.05MA0.1FA0.85PbI3.0,1.65,MACl,15.0,m-F-PEACl,2.0,,,py3,0.104,"4,4,4-NA",0.415,,,3000,30,100,10,1000,5,5500,30,15,150,110,15,PDADI,0.5,,,,,,,5000,30,6,70,100,5,23.6263,81.2509,1.1652,24.9556,1948,CH2,20250630.csv,
50211,20250729,170,Cs0.05MA0.1FA0.85PbI3.0,1.65,MACl,15.0,m-F-PEACl,2.0,,,py3,0.104,"4,4,4-NA",0.415,,,3000,30,100,10,1000,5,5500,30,15,150,110,15,PDADI,0.5,,,,,,,5000,30,6,70,100,5,23.6219,81.3568,1.16309,24.9636,1948,CH3,20250630.csv,
50212,20250729,170,Cs0.05MA0.1FA0.85PbI3.0,1.65,MACl,15.0,m-F-PEACl,2.0,,,py3,0.104,"4,4,4-NA",0.415,,,3000,30,100,10,1000,5,5500,30,15,150,110,15,PDADI,0.5,,,,,,,5000,30,6,70,100,5,23.7056,82.7467,1.15838,24.7314,1948,CH4,20250630.csv,
50213,20250729,170,Cs0.05MA0.1FA0.85PbI3.0,1.65,MACl,15.0,m-F-PEACl,2.0,,,py3,0.104,"4,4,4-NA",0.415,,,3000,30,100,10,1000,5,5500,30,15,150,110,15,PDADI,0.5,,,,,,,5000,30,6,70,100,5,22.9085,77.6911,1.16356,25.3418,1949,CH1,20250630.csv,
50214,20250729,170,Cs0.05MA0.1FA0.85PbI3.0,1.65,MACl,15.0,m-F-PEACl,2.0,,,py3,0.104,"4,4,4-NA",0.415,,,3000,30,100,10,1000,5,5500,30,15,150,110,15,PDADI,0.5,,,,,,,5000,30,6,70,100,5,22.5658,79.6442,1.1514,24.6077,1949,CH2,20250630.csv,
50215,20250729,170,Cs0.05MA0.1FA0.85PbI3.0,1.65,MACl,15.0,m-F-PEACl,2.0,,,py3,0.104,"4,4,4-NA",0.415,,,3000,30,100,10,1000,5,5500,30,15,150,110,15,PDADI,0.5,,,,,,,5000,30,6,70,100,5,22.701,80.4339,1.14366,24.678,1949,CH3,20250630.csv,
50216,20250729,170,Cs0.05MA0.1FA0.85PbI3.0,1.65,MACl,15.0,m-F-PEACl,2.0,,,py3,0.104,"4,4,4-NA",0.415,,,3000,30,100,10,1000,5,5500,30,15,150,110,15,PDADI,0.5,,,,,,,5000,30,6,70,100,5,22.5057,79.9686,1.14339,24.6138,1949,CH4,20250630.csv,
50217,20250729,170,Cs0.05MA0.1FA0.85PbI3.0,1.65,MACl,15.0,m-F-PEACl,2.0,,,py3,0.104,"4,4,4-NA",0.415,,,3000,30,100,10,1000,5,5500,30,15,150,110,15,PDADI,0.5,,,,,,,5000,30,6,70,100,5,24.4389,78.9069,1.17695,26.3153,1950,CH1,20250630.csv,
50218,20250729,170,Cs0.05MA0.1FA0.85PbI3.0,1.65,MACl,15.0,m-F-PEACl,2.0,,,py3,0.104,"4,4,4-NA",0.415,,,3000,30,100,10,1000,5,5500,30,15,150,110,15,PDADI,0.5,,,,,,,5000,30,6,70,100,5,23.7688,79.9381,1.16416,25.5411,1950,CH2,20250630.csv,
50219,20250729,170,Cs0.05MA0.1FA0.85PbI3.0,1.65,MACl,15.0,m-F-PEACl,2.0,,,py3,0.104,"4,4,4-NA",0.415,,,3000,30,100,10,1000,5,5500,30,15,150,110,15,PDADI,0.5,,,,,,,5000,30,6,70,100,5,23.4904,80.2923,1.16029,25.2146,1950,CH3,20250630.csv,
50220,20250729,170,Cs0.05MA0.1FA0.85PbI3.0,1.65,MACl,15.0,m-F-PEACl,2.0,,,py3,0.104,"4,4,4-NA",0.415,,,3000,30,100,10,1000,5,5500,30,15,150,110,15,PDADI,0.5,,,,,,,5000,30,6,70,100,5,22.9515,80.7139,1.15501,24.6194,1950,CH4,20250630.csv,
50221,20250729,170,Cs0.05MA0.1FA0.85PbI3.0,1.65,MACl,15.0,m-F-PEACl,2.0,,,"4,4,4-NA",0.415,4PABCz,0.104,,,3000,30,100,10,1000,5,5500,30,15,150,110,15,PDADI,0.5,,,,,,,5000,30,6,70,100,5,24.3579,79.5657,1.18285,25.8811,1951,CH1,20250630.csv,
50222,20250729,170,Cs0.05MA0.1FA0.85PbI3.0,1.65,MACl,15.0,m-F-PEACl,2.0,,,"4,4,4-NA",0.415,4PABCz,0.104,,,3000,30,100,10,1000,5,5500,30,15,150,110,15,PDADI,0.5,,,,,,,5000,30,6,70,100,5,24.1475,80.5672,1.17584,25.4897,1951,CH2,20250630.csv,
50223,20250729,170,Cs0.05MA0.1FA0.85PbI3.0,1.65,MACl,15.0,m-F-PEACl,2.0,,,"4,4,4-NA",0.415,4PABCz,0.104,,,3000,30,100,10,1000,5,5500,30,15,150,110,15,PDADI,0.5,,,,,,,5000,30,6,70,100,5,23.8416,81.0679,1.1665,25.2117,1951,CH3,20250630.csv,
50224,20250729,170,Cs0.05MA0.1FA0.85PbI3.0,1.65,MACl,15.0,m-F-PEACl,2.0,,,"4,4,4-NA",0.415,4PABCz,0.104,,,3000,30,100,10,1000,5,5500,30,15,150,110,15,PDADI,0.5,,,,,,,5000,30,6,70,100,5,23.5895,81.585,1.16128,24.8985,1951,CH4,20250630.csv,
50225,20250729,170,Cs0.05MA0.1FA0.85PbI3.0,1.65,MACl,15.0,m-F-PEACl,2.0,,,"4,4,4-NA",0.415,4PABCz,0.104,,,3000,30,100,10,1000,5,5500,30,15,150,110,15,PDADI,0.5,,,,,,,5000,30,6,70,100,5,24.1903,78.6931,1.17573,26.1456,1952,CH1,20250630.csv,
50226,20250729,170,Cs0.05MA0.1FA0.85PbI3.0,1.65,MACl,15.0,m-F-PEACl,2.0,,,"4,4,4-NA",0.415,4PABCz,0.104,,,3000,30,100,10,1000,5,5500,30,15,150,110,15,PDADI,0.5,,,,,,,5000,30,6,70,100,5,23.5422,79.7958,1.16377,25.3513,1952,CH2,20250630.csv,
50227,20250729,170,Cs0.05MA0.1FA0.85PbI3.0,1.65,MACl,15.0,m-F-PEACl,2.0,,,"4,4,4-NA",0.415,4PABCz,0.104,,,3000,30,100,10,1000,5,5500,30,15,150,110,15,PDADI,0.5,,,,,,,5000,30,6,70,100,5,23.1642,80.2673,1.15505,24.985,1952,CH3,20250630.csv,
50228,20250729,170,Cs0.05MA0.1FA0.85PbI3.0,1.65,MACl,15.0,m-F-PEACl,2.0,,,"4,4,4-NA",0.415,4PABCz,0.104,,,3000,30,100,10,1000,5,5500,30,15,150,110,15,PDADI,0.5,,,,,,,5000,30,6,70,100,5,23.0713,80.6733,1.15266,24.8107,1952,CH4,20250630.csv,
50229,20250729,170,Cs0.05MA0.1FA0.85PbI3.0,1.65,MACl,15.0,m-F-PEACl,2.0,,,"4,4,4-NA",0.415,4PABCz,0.104,,,3000,30,100,10,1000,5,5500,30,15,150,110,15,PDADI,0.5,,,,,,,5000,30,6,70,100,5,24.5395,78.7528,1.18095,26.3857,1953,CH1,20250630.csv,
50230,20250729,170,Cs0.05MA0.1FA0.85PbI3.0,1.65,MACl,15.0,m-F-PEACl,2.0,,,"4,4,4-NA",0.415,4PABCz,0.104,,,3000,30,100,10,1000,5,5500,30,15,150,110,15,PDADI,0.5,,,,,,,5000,30,6,70,100,5,24.3603,80.0076,1.17159,25.9882,1953,CH2,20250630.csv,
50231,20250729,170,Cs0.05MA0.1FA0.85PbI3.0,1.65,MACl,15.0,m-F-PEACl,2.0,,,"4,4,4-NA",0.415,4PABCz,0.104,,,3000,30,100,10,1000,5,5500,30,15,150,110,15,PDADI,0.5,,,,,,,5000,30,6,70,100,5,24.3834,80.6393,1.16719,25.9063,1953,CH3,20250630.csv,
50232,20250729,170,Cs0.05MA0.1FA0.85PbI3.0,1.65,MACl,15.0,m-F-PEACl,2.0,,,"4,4,4-NA",0.415,4PABCz,0.104,,,3000,30,100,10,1000,5,5500,30,15,150,110,15,PDADI,0.5,,,,,,,5000,30,6,70,100,5,24.3264,81.2106,1.16291,25.7585,1953,CH4,20250630.csv,
50233,20250729,170,Cs0.05MA0.1FA0.85PbI3.0,1.65,MACl,15.0,m-F-PEACl,2.0,,,Me-2PACz,0.104,"4,4,4-NA",0.415,,,3000,30,100,10,1000,5,5500,30,15,150,110,15,PDADI,0.5,,,,,,,5000,30,6,70,100,5,23.706,79.8983,1.17683,25.2119,1954,CH1,20250630.csv,
50234,20250729,170,Cs0.05MA0.1FA0.85PbI3.0,1.65,MACl,15.0,m-F-PEACl,2.0,,,Me-2PACz,0.104,"4,4,4-NA",0.415,,,3000,30,100,10,1000,5,5500,30,15,150,110,15,PDADI,0.5,,,,,,,5000,30,6,70,100,5,23.4159,81.1724,1.16689,24.7213,1954,CH2,20250630.csv,
50235,20250729,170,Cs0.05MA0.1FA0.85PbI3.0,1.65,MACl,15.0,m-F-PEACl,2.0,,,Me-2PACz,0.104,"4,4,4-NA",0.415,,,3000,30,100,10,1000,5,5500,30,15,150,110,15,PDADI,0.5,,,,,,,5000,30,6,70,100,5,23.1564,81.6531,1.15881,24.4729,1954,CH3,20250630.csv,
50236,20250729,170,Cs0.05MA0.1FA0.85PbI3.0,1.65,MACl,15.0,m-F-PEACl,2.0,,,Me-2PACz,0.104,"4,4,4-NA",0.415,,,3000,30,100,10,1000,5,5500,30,15,150,110,15,PDADI,0.5,,,,,,,5000,30,6,70,100,5,22.617,80.4123,1.15539,24.3436,1954,CH4,20250630.csv,
50237,20250729,170,Cs0.05MA0.1FA0.85PbI3.0,1.65,MACl,15.0,m-F-PEACl,2.0,,,Me-2PACz,0.104,"4,4,4-NA",0.415,,,3000,30,100,10,1000,5,5500,30,15,150,110,15,PDADI,0.5,,,,,,,5000,30,6,70,100,5,23.4273,78.7587,1.17756,25.2604,1955,CH1,20250630.csv,
50238,20250729,170,Cs0.05MA0.1FA0.85PbI3.0,1.65,MACl,15.0,m-F-PEACl,2.0,,,Me-2PACz,0.104,"4,4,4-NA",0.415,,,3000,30,100,10,1000,5,5500,30,15,150,110,15,PDADI,0.5,,,,,,,5000,30,6,70,100,5,22.8029,79.4154,1.16425,24.6625,1955,CH2,20250630.csv,
50239,20250729,170,Cs0.05MA0.1FA0.85PbI3.0,1.65,MACl,15.0,m-F-PEACl,2.0,,,Me-2PACz,0.104,"4,4,4-NA",0.415,,,3000,30,100,10,1000,5,5500,30,15,150,110,15,PDADI,0.5,,,,,,,5000,30,6,70,100,5,22.6453,80.2613,1.15708,24.3843,1955,CH3,20250630.csv,
50240,20250729,170,Cs0.05MA0.1FA0.85PbI3.0,1.65,MACl,15.0,m-F-PEACl,2.0,,,Me-2PACz,0.104,"4,4,4-NA",0.415,,,3000,30,100,10,1000,5,5500,30,15,150,110,15,PDADI,0.5,,,,,,,5000,30,6,70,100,5,22.2366,79.5069,1.15455,24.2242,1955,CH4,20250630.csv,
50241,20250729,170,Cs0.05MA0.1FA0.85PbI3.0,1.65,MACl,15.0,m-F-PEACl,2.0,,,Me-2PACz,0.104,"4,4,4-NA",0.415,,,3000,30,100,10,1000,5,5500,30,15,150,110,15,PDADI,0.5,,,,,,,5000,30,6,70,100,5,24.3925,78.6523,1.17349,26.428,1956,CH1,20250630.csv,
50242,20250729,170,Cs0.05MA0.1FA0.85PbI3.0,1.65,MACl,15.0,m-F-PEACl,2.0,,,Me-2PACz,0.104,"4,4,4-NA",0.415,,,3000,30,100,10,1000,5,5500,30,15,150,110,15,PDADI,0.5,,,,,,,5000,30,6,70,100,5,23.8643,79.5669,1.15929,25.8717,1956,CH2,20250630.csv,
50243,20250729,170,Cs0.05MA0.1FA0.85PbI3.0,1.65,MACl,15.0,m-F-PEACl,2.0,,,Me-2PACz,0.104,"4,4,4-NA",0.415,,,3000,30,100,10,1000,5,5500,30,15,150,110,15,PDADI,0.5,,,,,,,5000,30,6,70,100,5,23.6409,80.1589,1.15276,25.5843,1956,CH3,20250630.csv,
50244,20250729,170,Cs0.05MA0.1FA0.85PbI3.0,1.65,MACl,15.0,m-F-PEACl,2.0,,,Me-2PACz,0.104,"4,4,4-NA",0.415,,,3000,30,100,10,1000,5,5500,30,15,150,110,15,PDADI,0.5,,,,,,,5000,30,6,70,100,5,23.7122,81.1887,1.15163,25.3608,1956,CH4,20250630.csv,
50245,20250729,170,Cs0.05MA0.1FA0.85PbI3.0,1.65,MACl,15.0,m-F-PEACl,2.0,,,"4,4,4-NA",0.5,,,,,3000,30,100,10,1000,5,5500,30,15,150,110,15,PDADI,0.5,,,,,,,5000,30,6,70,100,5,24.2818,79.364,1.1728,26.0875,1957,CH1,20250630.csv,
50246,20250729,170,Cs0.05MA0.1FA0.85PbI3.0,1.65,MACl,15.0,m-F-PEACl,2.0,,,"4,4,4-NA",0.5,,,,,3000,30,100,10,1000,5,5500,30,15,150,110,15,PDADI,0.5,,,,,,,5000,30,6,70,100,5,24.0326,79.7318,1.16439,25.8864,1957,CH2,20250630.csv,
50247,20250729,170,Cs0.05MA0.1FA0.85PbI3.0,1.65,MACl,15.0,m-F-PEACl,2.0,,,"4,4,4-NA",0.5,,,,,3000,30,100,10,1000,5,5500,30,15,150,110,15,PDADI,0.5,,,,,,,5000,30,6,70,100,5,23.7651,80.5517,1.15314,25.5848,1957,CH3,20250630.csv,
50248,20250729,170,Cs0.05MA0.1FA0.85PbI3.0,1.65,MACl,15.0,m-F-PEACl,2.0,,,"4,4,4-NA",0.5,,,,,3000,30,100,10,1000,5,5500,30,15,150,110,15,PDADI,0.5,,,,,,,5000,30,6,70,100,5,23.4641,80.5315,1.15104,25.3133,1957,CH4,20250630.csv,
50249,20250729,170,Cs0.05MA0.1FA0.85PbI3.0,1.65,MACl,15.0,m-F-PEACl,2.0,,,"4,4,4-NA",0.5,,,,,3000,30,100,10,1000,5,5500,30,15,150,110,15,PDADI,0.5,,,,,,,5000,30,6,70,100,5,22.7575,77.9641,1.18056,24.7252,1958,CH1,20250630.csv,
50250,20250729,170,Cs0.05MA0.1FA0.85PbI3.0,1.65,MACl,15.0,m-F-PEACl,2.0,,,"4,4,4-NA",0.5,,,,,3000,30,100,10,1000,5,5500,30,15,150,110,15,PDADI,0.5,,,,,,,5000,30,6,70,100,5,22.4269,79.7966,1.17367,23.9464,1958,CH2,20250630.csv,
50251,20250729,170,Cs0.05MA0.1FA0.85PbI3.0,1.65,MACl,15.0,m-F-PEACl,2.0,,,"4,4,4-NA",0.5,,,,,3000,30,100,10,1000,5,5500,30,15,150,110,15,PDADI,0.5,,,,,,,5000,30,6,70,100,5,22.2189,80.8029,1.16735,23.5555,1958,CH3,20250630.csv,
50252,20250729,170,Cs0.05MA0.1FA0.85PbI3.0,1.65,MACl,15.0,m-F-PEACl,2.0,,,"4,4,4-NA",0.5,,,,,3000,30,100,10,1000,5,5500,30,15,150,110,15,PDADI,0.5,,,,,,,5000,30,6,70,100,5,21.9643,80.1389,1.16445,23.5372,1958,CH4,20250630.csv,
50253,20250729,170,Cs0.05MA0.1FA0.85PbI3.0,1.65,MACl,15.0,m-F-PEACl,2.0,,,"4,4,4-NA",0.5,,,,,3000,30,100,10,1000,5,5500,30,15,150,110,15,PDADI,0.5,,,,,,,5000,30,6,70,100,5,24.0646,78.9357,1.18093,25.8154,1959,CH1,20250630.csv,
50254,20250729,170,Cs0.05MA0.1FA0.85PbI3.0,1.65,MACl,15.0,m-F-PEACl,2.0,,,"4,4,4-NA",0.5,,,,,3000,30,100,10,1000,5,5500,30,15,150,110,15,PDADI,0.5,,,,,,,5000,30,6,70,100,5,23.4668,79.7415,1.16905,25.1732,1959,CH2,20250630.csv,
50255,20250729,170,Cs0.05MA0.1FA0.85PbI3.0,1.65,MACl,15.0,m-F-PEACl,2.0,,,"4,4,4-NA",0.5,,,,,3000,30,100,10,1000,5,5500,30,15,150,110,15,PDADI,0.5,,,,,,,5000,30,6,70,100,5,23.1206,80.1539,1.15658,24.9401,1959,CH3,20250630.csv,
50256,20250729,170,Cs0.05MA0.1FA0.85PbI3.0,1.65,MACl,15.0,m-F-PEACl,2.0,,,"4,4,4-NA",0.5,,,,,3000,30,100,10,1000,5,5500,30,15,150,110,15,PDADI,0.5,,,,,,,5000,30,6,70,100,5,22.902,80.4611,1.15123,24.7244,1959,CH4,20250630.csv,
50257,20250729,170,Cs0.05MA0.1FA0.85PbI3.0,1.65,MACl,15.0,m-F-PEACl,2.0,,,"4,4,4-NA",0.5,,,,,3000,30,100,10,1000,5,5500,30,15,150,110,15,PDADI,0.5,,,,,,,5000,30,6,70,100,5,22.2322,77.7368,1.16698,24.5071,1960,CH1,20250630.csv,
50258,20250729,170,Cs0.05MA0.1FA0.85PbI3.0,1.65,MACl,15.0,m-F-PEACl,2.0,,,"4,4,4-NA",0.5,,,,,3000,30,100,10,1000,5,5500,30,15,150,110,15,PDADI,0.5,,,,,,,5000,30,6,70,100,5,21.75,78.5042,1.15697,23.9467,1960,CH2,20250630.csv,
50259,20250729,170,Cs0.05MA0.1FA0.85PbI3.0,1.65,MACl,15.0,m-F-PEACl,2.0,,,"4,4,4-NA",0.5,,,,,3000,30,100,10,1000,5,5500,30,15,150,110,15,PDADI,0.5,,,,,,,5000,30,6,70,100,5,21.4144,79.2009,1.14579,23.5977,1960,CH3,20250630.csv,
50260,20250729,170,Cs0.05MA0.1FA0.85PbI3.0,1.65,MACl,15.0,m-F-PEACl,2.0,,,"4,4,4-NA",0.5,,,,,3000,30,100,10,1000,5,5500,30,15,150,110,15,PDADI,0.5,,,,,,,5000,30,6,70,100,5,21.4855,79.6656,1.14686,23.5161,1960,CH4,20250630.csv,
50261,20250729,170,Cs0.05MA0.1FA0.85PbI3.0,1.65,MACl,15.0,m-F-PEACl,2.0,,,4PADCB,0.104,"4,4,4-NA",0.415,,,3000,30,100,10,1000,5,5500,30,15,150,110,15,PDADI,0.5,,,,,,,5000,30,6,70,100,5,24.699,83.5083,1.1703,25.2728,1961,CH1,20250630-re.csv,
50262,20250729,170,Cs0.05MA0.1FA0.85PbI3.0,1.65,MACl,15.0,m-F-PEACl,2.0,,,4PADCB,0.104,"4,4,4-NA",0.415,,,3000,30,100,10,1000,5,5500,30,15,150,110,15,PDADI,0.5,,,,,,,5000,30,6,70,100,5,24.0724,81.9684,1.15925,25.3334,1961,CH2,20250630-re.csv,
50263,20250729,170,Cs0.05MA0.1FA0.85PbI3.0,1.65,MACl,15.0,m-F-PEACl,2.0,,,4PADCB,0.104,"4,4,4-NA",0.415,,,3000,30,100,10,1000,5,5500,30,15,150,110,15,PDADI,0.5,,,,,,,5000,30,6,70,100,5,23.7845,81.139,1.15585,25.3607,1961,CH3,20250630-re.csv,
50264,20250729,170,Cs0.05MA0.1FA0.85PbI3.0,1.65,MACl,15.0,m-F-PEACl,2.0,,,4PADCB,0.104,"4,4,4-NA",0.415,,,3000,30,100,10,1000,5,5500,30,15,150,110,15,PDADI,0.5,,,,,,,5000,30,6,70,100,5,23.9228,81.802,1.15822,25.2498,1961,CH4,20250630-re.csv,
50265,20250729,170,Cs0.05MA0.1FA0.85PbI3.0,1.65,MACl,15.0,m-F-PEACl,2.0,,,4PADCB,0.104,"4,4,4-NA",0.415,,,3000,30,100,10,1000,5,5500,30,15,150,110,15,PDADI,0.5,,,,,,,5000,30,6,70,100,5,25.2421,80.5511,1.17275,26.7208,1962,CH1,20250630-re.csv,
50266,20250729,170,Cs0.05MA0.1FA0.85PbI3.0,1.65,MACl,15.0,m-F-PEACl,2.0,,,4PADCB,0.104,"4,4,4-NA",0.415,,,3000,30,100,10,1000,5,5500,30,15,150,110,15,PDADI,0.5,,,,,,,5000,30,6,70,100,5,23.4989,79.8361,1.14986,25.5978,1962,CH2,20250630-re.csv,
50267,20250729,170,Cs0.05MA0.1FA0.85PbI3.0,1.65,MACl,15.0,m-F-PEACl,2.0,,,4PADCB,0.104,"4,4,4-NA",0.415,,,3000,30,100,10,1000,5,5500,30,15,150,110,15,PDADI,0.5,,,,,,,5000,30,6,70,100,5,23.661,80.5845,1.14913,25.5511,1962,CH3,20250630-re.csv,
50268,20250729,170,Cs0.05MA0.1FA0.85PbI3.0,1.65,MACl,15.0,m-F-PEACl,2.0,,,4PADCB,0.104,"4,4,4-NA",0.415,,,3000,30,100,10,1000,5,5500,30,15,150,110,15,PDADI,0.5,,,,,,,5000,30,6,70,100,5,24.2883,82.1229,1.15754,25.5504,1962,CH4,20250630-re.csv,
50269,20250729,170,Cs0.05MA0.1FA0.85PbI3.0,1.65,MACl,15.0,m-F-PEACl,2.0,,,4PADCB,0.104,"4,4,4-NA",0.415,,,3000,30,100,10,1000,5,5500,30,15,150,110,15,PDADI,0.5,,,,,,,5000,30,6,70,100,5,25.1545,80.9158,1.17096,26.5486,1963,CH1,20250630-re.csv,
50270,20250729,170,Cs0.05MA0.1FA0.85PbI3.0,1.65,MACl,15.0,m-F-PEACl,2.0,,,4PADCB,0.104,"4,4,4-NA",0.415,,,3000,30,100,10,1000,5,5500,30,15,150,110,15,PDADI,0.5,,,,,,,5000,30,6,70,100,5,24.6211,80.4297,1.15815,26.4318,1963,CH2,20250630-re.csv,
50271,20250729,170,Cs0.05MA0.1FA0.85PbI3.0,1.65,MACl,15.0,m-F-PEACl,2.0,,,4PADCB,0.104,"4,4,4-NA",0.415,,,3000,30,100,10,1000,5,5500,30,15,150,110,15,PDADI,0.5,,,,,,,5000,30,6,70,100,5,24.4982,81.1776,1.15165,26.2045,1963,CH3,20250630-re.csv,
50272,20250729,170,Cs0.05MA0.1FA0.85PbI3.0,1.65,MACl,15.0,m-F-PEACl,2.0,,,4PADCB,0.104,"4,4,4-NA",0.415,,,3000,30,100,10,1000,5,5500,30,15,150,110,15,PDADI,0.5,,,,,,,5000,30,6,70,100,5,24.7367,82.2058,1.15568,26.0376,1963,CH4,20250630-re.csv,
50273,20250729,170,Cs0.05MA0.1FA0.85PbI3.0,1.65,MACl,15.0,m-F-PEACl,2.0,,,py3,0.104,"4,4,4-NA",0.415,,,3000,30,100,10,1000,5,5500,30,15,150,110,15,PDADI,0.5,,,,,,,5000,30,6,70,100,5,25.0453,81.4393,1.1789,26.0864,1964,CH1,20250630-re.csv,
50274,20250729,170,Cs0.05MA0.1FA0.85PbI3.0,1.65,MACl,15.0,m-F-PEACl,2.0,,,py3,0.104,"4,4,4-NA",0.415,,,3000,30,100,10,1000,5,5500,30,15,150,110,15,PDADI,0.5,,,,,,,5000,30,6,70,100,5,24.4742,80.802,1.16912,25.9077,1964,CH2,20250630-re.csv,
50275,20250729,170,Cs0.05MA0.1FA0.85PbI3.0,1.65,MACl,15.0,m-F-PEACl,2.0,,,py3,0.104,"4,4,4-NA",0.415,,,3000,30,100,10,1000,5,5500,30,15,150,110,15,PDADI,0.5,,,,,,,5000,30,6,70,100,5,24.2416,81.443,1.16221,25.6107,1964,CH3,20250630-re.csv,
50276,20250729,170,Cs0.05MA0.1FA0.85PbI3.0,1.65,MACl,15.0,m-F-PEACl,2.0,,,py3,0.104,"4,4,4-NA",0.415,,,3000,30,100,10,1000,5,5500,30,15,150,110,15,PDADI,0.5,,,,,,,5000,30,6,70,100,5,24.4268,82.6292,1.16166,25.4479,1964,CH4,20250630-re.csv,
50277,20250729,170,Cs0.05MA0.1FA0.85PbI3.0,1.65,MACl,15.0,m-F-PEACl,2.0,,,py3,0.104,"4,4,4-NA",0.415,,,3000,30,100,10,1000,5,5500,30,15,150,110,15,PDADI,0.5,,,,,,,5000,30,6,70,100,5,24.2634,81.2265,1.17025,25.5256,1965,CH1,20250630-re.csv,
50278,20250729,170,Cs0.05MA0.1FA0.85PbI3.0,1.65,MACl,15.0,m-F-PEACl,2.0,,,py3,0.104,"4,4,4-NA",0.415,,,3000,30,100,10,1000,5,5500,30,15,150,110,15,PDADI,0.5,,,,,,,5000,30,6,70,100,5,23.687,80.6792,1.15511,25.417,1965,CH2,20250630-re.csv,
50279,20250729,170,Cs0.05MA0.1FA0.85PbI3.0,1.65,MACl,15.0,m-F-PEACl,2.0,,,py3,0.104,"4,4,4-NA",0.415,,,3000,30,100,10,1000,5,5500,30,15,150,110,15,PDADI,0.5,,,,,,,5000,30,6,70,100,5,23.6107,81.1748,1.14678,25.3633,1965,CH3,20250630-re.csv,
50280,20250729,170,Cs0.05MA0.1FA0.85PbI3.0,1.65,MACl,15.0,m-F-PEACl,2.0,,,py3,0.104,"4,4,4-NA",0.415,,,3000,30,100,10,1000,5,5500,30,15,150,110,15,PDADI,0.5,,,,,,,5000,30,6,70,100,5,23.6312,81.4485,1.14769,25.2801,1965,CH4,20250630-re.csv,
50281,20250729,170,Cs0.05MA0.1FA0.85PbI3.0,1.65,MACl,15.0,m-F-PEACl,2.0,,,py3,0.104,"4,4,4-NA",0.415,,,3000,30,100,10,1000,5,5500,30,15,150,110,15,PDADI,0.5,,,,,,,5000,30,6,70,100,5,25.3437,81.5598,1.17546,26.4353,1966,CH1,20250630-re.csv,
50282,20250729,170,Cs0.05MA0.1FA0.85PbI3.0,1.65,MACl,15.0,m-F-PEACl,2.0,,,py3,0.104,"4,4,4-NA",0.415,,,3000,30,100,10,1000,5,5500,30,15,150,110,15,PDADI,0.5,,,,,,,5000,30,6,70,100,5,24.5605,80.6906,1.1638,26.1539,1966,CH2,20250630-re.csv,
50283,20250729,170,Cs0.05MA0.1FA0.85PbI3.0,1.65,MACl,15.0,m-F-PEACl,2.0,,,py3,0.104,"4,4,4-NA",0.415,,,3000,30,100,10,1000,5,5500,30,15,150,110,15,PDADI,0.5,,,,,,,5000,30,6,70,100,5,23.993,80.3802,1.1583,25.7699,1966,CH3,20250630-re.csv,
50284,20250729,170,Cs0.05MA0.1FA0.85PbI3.0,1.65,MACl,15.0,m-F-PEACl,2.0,,,py3,0.104,"4,4,4-NA",0.415,,,3000,30,100,10,1000,5,5500,30,15,150,110,15,PDADI,0.5,,,,,,,5000,30,6,70,100,5,23.8021,81.0706,1.1586,25.3408,1966,CH4,20250630-re.csv,
50285,20250729,170,Cs0.05MA0.1FA0.85PbI3.0,1.65,MACl,15.0,m-F-PEACl,2.0,,,"4,4,4-NA",0.415,4PABCz,0.104,,,3000,30,100,10,1000,5,5500,30,15,150,110,15,PDADI,0.5,,,,,,,5000,30,6,70,100,5,25.241,82.2295,1.18149,25.9806,1967,CH1,20250630-re.csv,
50286,20250729,170,Cs0.05MA0.1FA0.85PbI3.0,1.65,MACl,15.0,m-F-PEACl,2.0,,,"4,4,4-NA",0.415,4PABCz,0.104,,,3000,30,100,10,1000,5,5500,30,15,150,110,15,PDADI,0.5,,,,,,,5000,30,6,70,100,5,24.8218,81.499,1.17314,25.9615,1967,CH2,20250630-re.csv,
50287,20250729,170,Cs0.05MA0.1FA0.85PbI3.0,1.65,MACl,15.0,m-F-PEACl,2.0,,,"4,4,4-NA",0.415,4PABCz,0.104,,,3000,30,100,10,1000,5,5500,30,15,150,110,15,PDADI,0.5,,,,,,,5000,30,6,70,100,5,24.4813,81.4838,1.16365,25.8191,1967,CH3,20250630-re.csv,
50288,20250729,170,Cs0.05MA0.1FA0.85PbI3.0,1.65,MACl,15.0,m-F-PEACl,2.0,,,"4,4,4-NA",0.415,4PABCz,0.104,,,3000,30,100,10,1000,5,5500,30,15,150,110,15,PDADI,0.5,,,,,,,5000,30,6,70,100,5,24.3559,81.7519,1.16261,25.6255,1967,CH4,20250630-re.csv,
50289,20250729,170,Cs0.05MA0.1FA0.85PbI3.0,1.65,MACl,15.0,m-F-PEACl,2.0,,,"4,4,4-NA",0.415,4PABCz,0.104,,,3000,30,100,10,1000,5,5500,30,15,150,110,15,PDADI,0.5,,,,,,,5000,30,6,70,100,5,25.235,81.2242,1.17829,26.3673,1968,CH1,20250630-re.csv,
50290,20250729,170,Cs0.05MA0.1FA0.85PbI3.0,1.65,MACl,15.0,m-F-PEACl,2.0,,,"4,4,4-NA",0.415,4PABCz,0.104,,,3000,30,100,10,1000,5,5500,30,15,150,110,15,PDADI,0.5,,,,,,,5000,30,6,70,100,5,24.4703,80.3827,1.16668,26.0932,1968,CH2,20250630-re.csv,
50291,20250729,170,Cs0.05MA0.1FA0.85PbI3.0,1.65,MACl,15.0,m-F-PEACl,2.0,,,"4,4,4-NA",0.415,4PABCz,0.104,,,3000,30,100,10,1000,5,5500,30,15,150,110,15,PDADI,0.5,,,,,,,5000,30,6,70,100,5,24.1774,80.4663,1.16153,25.8682,1968,CH3,20250630-re.csv,
50292,20250729,170,Cs0.05MA0.1FA0.85PbI3.0,1.65,MACl,15.0,m-F-PEACl,2.0,,,"4,4,4-NA",0.415,4PABCz,0.104,,,3000,30,100,10,1000,5,5500,30,15,150,110,15,PDADI,0.5,,,,,,,5000,30,6,70,100,5,24.2092,81.1884,1.16309,25.6373,1968,CH4,20250630-re.csv,
50293,20250729,170,Cs0.05MA0.1FA0.85PbI3.0,1.65,MACl,15.0,m-F-PEACl,2.0,,,"4,4,4-NA",0.415,4PABCz,0.104,,,3000,30,100,10,1000,5,5500,30,15,150,110,15,PDADI,0.5,,,,,,,5000,30,6,70,100,5,25.1642,80.3892,1.18253,26.4713,1969,CH1,20250630-re.csv,
50294,20250729,170,Cs0.05MA0.1FA0.85PbI3.0,1.65,MACl,15.0,m-F-PEACl,2.0,,,"4,4,4-NA",0.415,4PABCz,0.104,,,3000,30,100,10,1000,5,5500,30,15,150,110,15,PDADI,0.5,,,,,,,5000,30,6,70,100,5,25.0329,80.7722,1.17054,26.4766,1969,CH2,20250630-re.csv,
50295,20250729,170,Cs0.05MA0.1FA0.85PbI3.0,1.65,MACl,15.0,m-F-PEACl,2.0,,,"4,4,4-NA",0.415,4PABCz,0.104,,,3000,30,100,10,1000,5,5500,30,15,150,110,15,PDADI,0.5,,,,,,,5000,30,6,70,100,5,25.0488,80.936,1.1669,26.5224,1969,CH3,20250630-re.csv,
50296,20250729,170,Cs0.05MA0.1FA0.85PbI3.0,1.65,MACl,15.0,m-F-PEACl,2.0,,,"4,4,4-NA",0.415,4PABCz,0.104,,,3000,30,100,10,1000,5,5500,30,15,150,110,15,PDADI,0.5,,,,,,,5000,30,6,70,100,5,25.0809,81.5696,1.16468,26.4002,1969,CH4,20250630-re.csv,
50297,20250729,170,Cs0.05MA0.1FA0.85PbI3.0,1.65,MACl,15.0,m-F-PEACl,2.0,,,Me-2PACz,0.104,"4,4,4-NA",0.415,,,3000,30,100,10,1000,5,5500,30,15,150,110,15,PDADI,0.5,,,,,,,5000,30,6,70,100,5,24.6901,82.0947,1.17878,25.5137,1970,CH1,20250630-re.csv,
50298,20250729,170,Cs0.05MA0.1FA0.85PbI3.0,1.65,MACl,15.0,m-F-PEACl,2.0,,,Me-2PACz,0.104,"4,4,4-NA",0.415,,,3000,30,100,10,1000,5,5500,30,15,150,110,15,PDADI,0.5,,,,,,,5000,30,6,70,100,5,24.181,81.9124,1.16587,25.3206,1970,CH2,20250630-re.csv,
50299,20250729,170,Cs0.05MA0.1FA0.85PbI3.0,1.65,MACl,15.0,m-F-PEACl,2.0,,,Me-2PACz,0.104,"4,4,4-NA",0.415,,,3000,30,100,10,1000,5,5500,30,15,150,110,15,PDADI,0.5,,,,,,,5000,30,6,70,100,5,23.9829,82.1379,1.16103,25.1487,1970,CH3,20250630-re.csv,
50300,20250729,170,Cs0.05MA0.1FA0.85PbI3.0,1.65,MACl,15.0,m-F-PEACl,2.0,,,Me-2PACz,0.104,"4,4,4-NA",0.415,,,3000,30,100,10,1000,5,5500,30,15,150,110,15,PDADI,0.5,,,,,,,5000,30,6,70,100,5,23.7709,82.0649,1.16153,24.9378,1970,CH4,20250630-re.csv,
50301,20250729,170,Cs0.05MA0.1FA0.85PbI3.0,1.65,MACl,15.0,m-F-PEACl,2.0,,,Me-2PACz,0.104,"4,4,4-NA",0.415,,,3000,30,100,10,1000,5,5500,30,15,150,110,15,PDADI,0.5,,,,,,,5000,30,6,70,100,5,24.171,80.8735,1.17696,25.3937,1971,CH1,20250630-re.csv,
50302,20250729,170,Cs0.05MA0.1FA0.85PbI3.0,1.65,MACl,15.0,m-F-PEACl,2.0,,,Me-2PACz,0.104,"4,4,4-NA",0.415,,,3000,30,100,10,1000,5,5500,30,15,150,110,15,PDADI,0.5,,,,,,,5000,30,6,70,100,5,23.6452,80.1821,1.16449,25.3238,1971,CH2,20250630-re.csv,
50303,20250729,170,Cs0.05MA0.1FA0.85PbI3.0,1.65,MACl,15.0,m-F-PEACl,2.0,,,Me-2PACz,0.104,"4,4,4-NA",0.415,,,3000,30,100,10,1000,5,5500,30,15,150,110,15,PDADI,0.5,,,,,,,5000,30,6,70,100,5,23.3745,80.3895,1.1564,25.1441,1971,CH3,20250630-re.csv,
50304,20250729,170,Cs0.05MA0.1FA0.85PbI3.0,1.65,MACl,15.0,m-F-PEACl,2.0,,,Me-2PACz,0.104,"4,4,4-NA",0.415,,,3000,30,100,10,1000,5,5500,30,15,150,110,15,PDADI,0.5,,,,,,,5000,30,6,70,100,5,23.301,80.4659,1.15725,25.0228,1971,CH4,20250630-re.csv,
50305,20250729,170,Cs0.05MA0.1FA0.85PbI3.0,1.65,MACl,15.0,m-F-PEACl,2.0,,,Me-2PACz,0.104,"4,4,4-NA",0.415,,,3000,30,100,10,1000,5,5500,30,15,150,110,15,PDADI,0.5,,,,,,,5000,30,6,70,100,5,25.1099,81.1121,1.17039,26.4503,1972,CH1,20250630-re.csv,
50306,20250729,170,Cs0.05MA0.1FA0.85PbI3.0,1.65,MACl,15.0,m-F-PEACl,2.0,,,Me-2PACz,0.104,"4,4,4-NA",0.415,,,3000,30,100,10,1000,5,5500,30,15,150,110,15,PDADI,0.5,,,,,,,5000,30,6,70,100,5,24.5555,80.6939,1.1569,26.3034,1972,CH2,20250630-re.csv,
50307,20250729,170,Cs0.05MA0.1FA0.85PbI3.0,1.65,MACl,15.0,m-F-PEACl,2.0,,,Me-2PACz,0.104,"4,4,4-NA",0.415,,,3000,30,100,10,1000,5,5500,30,15,150,110,15,PDADI,0.5,,,,,,,5000,30,6,70,100,5,24.2711,80.7122,1.15063,26.1346,1972,CH3,20250630-re.csv,
50308,20250729,170,Cs0.05MA0.1FA0.85PbI3.0,1.65,MACl,15.0,m-F-PEACl,2.0,,,Me-2PACz,0.104,"4,4,4-NA",0.415,,,3000,30,100,10,1000,5,5500,30,15,150,110,15,PDADI,0.5,,,,,,,5000,30,6,70,100,5,24.4747,81.8239,1.15478,25.9022,1972,CH4,20250630-re.csv,
50309,20250729,170,Cs0.05MA0.1FA0.85PbI3.0,1.65,MACl,15.0,m-F-PEACl,2.0,,,"4,4,4-NA",0.5,,,,,3000,30,100,10,1000,5,5500,30,15,150,110,15,PDADI,0.5,,,,,,,5000,30,6,70,100,5,25.1708,81.681,1.17493,26.2281,1973,CH1,20250630-re.csv,
50310,20250729,170,Cs0.05MA0.1FA0.85PbI3.0,1.65,MACl,15.0,m-F-PEACl,2.0,,,"4,4,4-NA",0.5,,,,,3000,30,100,10,1000,5,5500,30,15,150,110,15,PDADI,0.5,,,,,,,5000,30,6,70,100,5,24.3203,79.6039,1.16447,26.2366,1973,CH2,20250630-re.csv,
50311,20250729,170,Cs0.05MA0.1FA0.85PbI3.0,1.65,MACl,15.0,m-F-PEACl,2.0,,,"4,4,4-NA",0.5,,,,,3000,30,100,10,1000,5,5500,30,15,150,110,15,PDADI,0.5,,,,,,,5000,30,6,70,100,5,24.5344,80.9401,1.15493,26.2455,1973,CH3,20250630-re.csv,
50312,20250729,170,Cs0.05MA0.1FA0.85PbI3.0,1.65,MACl,15.0,m-F-PEACl,2.0,,,"4,4,4-NA",0.5,,,,,3000,30,100,10,1000,5,5500,30,15,150,110,15,PDADI,0.5,,,,,,,5000,30,6,70,100,5,24.4198,81.3884,1.15547,25.9668,1973,CH4,20250630-re.csv,
50313,20250729,170,Cs0.05MA0.1FA0.85PbI3.0,1.65,MACl,15.0,m-F-PEACl,2.0,,,"4,4,4-NA",0.5,,,,,3000,30,100,10,1000,5,5500,30,15,150,110,15,PDADI,0.5,,,,,,,5000,30,6,70,100,5,23.9131,80.7669,1.1843,25.0001,1974,CH1,20250630-re.csv,
50314,20250729,170,Cs0.05MA0.1FA0.85PbI3.0,1.65,MACl,15.0,m-F-PEACl,2.0,,,"4,4,4-NA",0.5,,,,,3000,30,100,10,1000,5,5500,30,15,150,110,15,PDADI,0.5,,,,,,,5000,30,6,70,100,5,23.3822,80.7305,1.1762,24.6245,1974,CH2,20250630-re.csv,
50315,20250729,170,Cs0.05MA0.1FA0.85PbI3.0,1.65,MACl,15.0,m-F-PEACl,2.0,,,"4,4,4-NA",0.5,,,,,3000,30,100,10,1000,5,5500,30,15,150,110,15,PDADI,0.5,,,,,,,5000,30,6,70,100,5,23.0535,81.3047,1.16865,24.2626,1974,CH3,20250630-re.csv,
50316,20250729,170,Cs0.05MA0.1FA0.85PbI3.0,1.65,MACl,15.0,m-F-PEACl,2.0,,,"4,4,4-NA",0.5,,,,,3000,30,100,10,1000,5,5500,30,15,150,110,15,PDADI,0.5,,,,,,,5000,30,6,70,100,5,22.5493,80.2584,1.16563,24.1037,1974,CH4,20250630-re.csv,
50317,20250729,170,Cs0.05MA0.1FA0.85PbI3.0,1.65,MACl,15.0,m-F-PEACl,2.0,,,"4,4,4-NA",0.5,,,,,3000,30,100,10,1000,5,5500,30,15,150,110,15,PDADI,0.5,,,,,,,5000,30,6,70,100,5,24.7923,80.2621,1.18076,26.1604,1975,CH1,20250630-re.csv,
50318,20250729,170,Cs0.05MA0.1FA0.85PbI3.0,1.65,MACl,15.0,m-F-PEACl,2.0,,,"4,4,4-NA",0.5,,,,,3000,30,100,10,1000,5,5500,30,15,150,110,15,PDADI,0.5,,,,,,,5000,30,6,70,100,5,24.2874,79.6884,1.16912,26.0692,1975,CH2,20250630-re.csv,
50319,20250729,170,Cs0.05MA0.1FA0.85PbI3.0,1.65,MACl,15.0,m-F-PEACl,2.0,,,"4,4,4-NA",0.5,,,,,3000,30,100,10,1000,5,5500,30,15,150,110,15,PDADI,0.5,,,,,,,5000,30,6,70,100,5,23.9809,80.2998,1.15835,25.7817,1975,CH3,20250630-re.csv,
50320,20250729,170,Cs0.05MA0.1FA0.85PbI3.0,1.65,MACl,15.0,m-F-PEACl,2.0,,,"4,4,4-NA",0.5,,,,,3000,30,100,10,1000,5,5500,30,15,150,110,15,PDADI,0.5,,,,,,,5000,30,6,70,100,5,23.9527,80.9392,1.15811,25.5533,1975,CH4,20250630-re.csv,
50321,20250729,170,Cs0.05MA0.1FA0.85PbI3.0,1.65,MACl,15.0,m-F-PEACl,2.0,,,"4,4,4-NA",0.5,,,,,3000,30,100,10,1000,5,5500,30,15,150,110,15,PDADI,0.5,,,,,,,5000,30,6,70,100,5,23.3436,80.2814,1.17473,24.7522,1976,CH1,20250630-re.csv,
50322,20250729,170,Cs0.05MA0.1FA0.85PbI3.0,1.65,MACl,15.0,m-F-PEACl,2.0,,,"4,4,4-NA",0.5,,,,,3000,30,100,10,1000,5,5500,30,15,150,110,15,PDADI,0.5,,,,,,,5000,30,6,70,100,5,22.6534,79.4603,1.16243,24.5253,1976,CH2,20250630-re.csv,
50323,20250729,170,Cs0.05MA0.1FA0.85PbI3.0,1.65,MACl,15.0,m-F-PEACl,2.0,,,"4,4,4-NA",0.5,,,,,3000,30,100,10,1000,5,5500,30,15,150,110,15,PDADI,0.5,,,,,,,5000,30,6,70,100,5,22.4893,80.2842,1.1571,24.2089,1976,CH3,20250630-re.csv,
50324,20250729,170,Cs0.05MA0.1FA0.85PbI3.0,1.65,MACl,15.0,m-F-PEACl,2.0,,,"4,4,4-NA",0.5,,,,,3000,30,100,10,1000,5,5500,30,15,150,110,15,PDADI,0.5,,,,,,,5000,30,6,70,100,5,21.4841,77.3146,1.14918,24.1807,1976,CH4,20250630-re.csv,
50325,20250730,171,Cs0.05MA0.1FA0.85PbI3.0,1.65,MACl,15.0,PMACl,2.0,,,"4,4,4-NA",0.5,,,,,3000,30,100,10,1000,5,5500,30,15,150,110,15,PDADI,0.5,,,,,,,5000,30,6,70,100,5,13.1999,47.2478,1.13318,24.6542,1977,CH1,20250701.csv,
50326,20250730,171,Cs0.05MA0.1FA0.85PbI3.0,1.65,MACl,15.0,PMACl,2.0,,,"4,4,4-NA",0.5,,,,,3000,30,100,10,1000,5,5500,30,15,150,110,15,PDADI,0.5,,,,,,,5000,30,6,70,100,5,23.1837,80.8121,1.16207,24.6874,1977,CH2,20250701.csv,
50327,20250730,171,Cs0.05MA0.1FA0.85PbI3.0,1.65,MACl,15.0,PMACl,2.0,,,"4,4,4-NA",0.5,,,,,3000,30,100,10,1000,5,5500,30,15,150,110,15,PDADI,0.5,,,,,,,5000,30,6,70,100,5,19.6583,68.8012,1.15044,24.8361,1977,CH3,20250701.csv,
50328,20250730,171,Cs0.05MA0.1FA0.85PbI3.0,1.65,MACl,15.0,PMACl,2.0,,,"4,4,4-NA",0.5,,,,,3000,30,100,10,1000,5,5500,30,15,150,110,15,PDADI,0.5,,,,,,,5000,30,6,70,100,5,23.3479,81.1865,1.16277,24.7327,1977,CH4,20250701.csv,
50329,20250730,171,Cs0.05MA0.1FA0.85PbI3.0,1.65,MACl,15.0,PMACl,2.0,,,"4,4,4-NA",0.5,,,,,3000,30,100,10,1000,5,5500,30,15,150,110,15,PDADI,0.5,,,,,,,5000,30,6,70,100,5,25.0545,81.3765,1.17608,26.1788,1978,CH1,20250701.csv,
50330,20250730,171,Cs0.05MA0.1FA0.85PbI3.0,1.65,MACl,15.0,PMACl,2.0,,,"4,4,4-NA",0.5,,,,,3000,30,100,10,1000,5,5500,30,15,150,110,15,PDADI,0.5,,,,,,,5000,30,6,70,100,5,24.3962,81.1439,1.16988,25.6996,1978,CH2,20250701.csv,
50331,20250730,171,Cs0.05MA0.1FA0.85PbI3.0,1.65,MACl,15.0,PMACl,2.0,,,"4,4,4-NA",0.5,,,,,3000,30,100,10,1000,5,5500,30,15,150,110,15,PDADI,0.5,,,,,,,5000,30,6,70,100,5,20.0622,74.9397,1.05869,25.287,1978,CH3,20250701.csv,
50332,20250730,171,Cs0.05MA0.1FA0.85PbI3.0,1.65,MACl,15.0,PMACl,2.0,,,"4,4,4-NA",0.5,,,,,3000,30,100,10,1000,5,5500,30,15,150,110,15,PDADI,0.5,,,,,,,5000,30,6,70,100,5,22.7945,79.0596,1.15882,24.8806,1978,CH4,20250701.csv,
50333,20250730,171,Cs0.05MA0.1FA0.85PbI3.0,1.65,MACl,15.0,PMACl,2.0,,,"4,4,4-NA",0.5,,,,,3000,30,100,10,1000,5,5500,30,15,150,110,15,PDADI,0.5,,,,,,,5000,30,6,70,100,5,21.8048,75.542,1.10686,26.0778,1979,CH1,20250701.csv,
50334,20250730,171,Cs0.05MA0.1FA0.85PbI3.0,1.65,MACl,15.0,PMACl,2.0,,,"4,4,4-NA",0.5,,,,,3000,30,100,10,1000,5,5500,30,15,150,110,15,PDADI,0.5,,,,,,,5000,30,6,70,100,5,20.7551,72.9898,1.09139,26.0545,1979,CH2,20250701.csv,
50335,20250730,171,Cs0.05MA0.1FA0.85PbI3.0,1.65,MACl,15.0,PMACl,2.0,,,"4,4,4-NA",0.5,,,,,3000,30,100,10,1000,5,5500,30,15,150,110,15,PDADI,0.5,,,,,,,5000,30,6,70,100,5,20.4422,73.0252,1.08543,25.7901,1979,CH3,20250701.csv,
50336,20250730,171,Cs0.05MA0.1FA0.85PbI3.0,1.65,MACl,15.0,PMACl,2.0,,,"4,4,4-NA",0.5,,,,,3000,30,100,10,1000,5,5500,30,15,150,110,15,PDADI,0.5,,,,,,,5000,30,6,70,100,5,20.4011,73.1458,1.08658,25.6685,1979,CH4,20250701.csv,
50337,20250730,171,Cs0.05MA0.1FA0.85PbI3.0,1.65,MACl,15.0,PMACl,2.0,,,"4,4,4-NA",0.5,,,,,3000,30,100,10,1000,5,5500,30,15,150,110,15,PDADI,0.5,,,,,,,5000,30,6,70,100,5,25.2586,79.9535,1.17142,26.9686,1980,CH1,20250701.csv,
50338,20250730,171,Cs0.05MA0.1FA0.85PbI3.0,1.65,MACl,15.0,PMACl,2.0,,,"4,4,4-NA",0.5,,,,,3000,30,100,10,1000,5,5500,30,15,150,110,15,PDADI,0.5,,,,,,,5000,30,6,70,100,5,24.793,80.5844,1.16041,26.5136,1980,CH2,20250701.csv,
50339,20250730,171,Cs0.05MA0.1FA0.85PbI3.0,1.65,MACl,15.0,PMACl,2.0,,,"4,4,4-NA",0.5,,,,,3000,30,100,10,1000,5,5500,30,15,150,110,15,PDADI,0.5,,,,,,,5000,30,6,70,100,5,24.2044,80.1059,1.15127,26.2453,1980,CH3,20250701.csv,
50340,20250730,171,Cs0.05MA0.1FA0.85PbI3.0,1.65,MACl,15.0,PMACl,2.0,,,"4,4,4-NA",0.5,,,,,3000,30,100,10,1000,5,5500,30,15,150,110,15,PDADI,0.5,,,,,,,5000,30,6,70,100,5,24.2755,80.3217,1.15394,26.191,1980,CH4,20250701.csv,
50341,20250730,171,Cs0.05MA0.1FA0.85PbI3.0,1.65,MACl,15.0,m-Br-PEACl,2.0,,,"4,4,4-NA",0.5,,,,,3000,30,100,10,1000,5,5500,30,15,150,110,15,PDADI,0.5,,,,,,,5000,30,6,70,100,5,23.695,79.0764,1.15368,25.9732,1981,CH1,20250701.csv,
50342,20250730,171,Cs0.05MA0.1FA0.85PbI3.0,1.65,MACl,15.0,m-Br-PEACl,2.0,,,"4,4,4-NA",0.5,,,,,3000,30,100,10,1000,5,5500,30,15,150,110,15,PDADI,0.5,,,,,,,5000,30,6,70,100,5,23.9099,78.083,1.16765,26.2246,1981,CH2,20250701.csv,
50343,20250730,171,Cs0.05MA0.1FA0.85PbI3.0,1.65,MACl,15.0,m-Br-PEACl,2.0,,,"4,4,4-NA",0.5,,,,,3000,30,100,10,1000,5,5500,30,15,150,110,15,PDADI,0.5,,,,,,,5000,30,6,70,100,5,22.5939,76.2136,1.15339,25.703,1981,CH3,20250701.csv,
50344,20250730,171,Cs0.05MA0.1FA0.85PbI3.0,1.65,MACl,15.0,m-Br-PEACl,2.0,,,"4,4,4-NA",0.5,,,,,3000,30,100,10,1000,5,5500,30,15,150,110,15,PDADI,0.5,,,,,,,5000,30,6,70,100,5,21.9559,76.056,1.14657,25.1778,1981,CH4,20250701.csv,
50345,20250730,171,Cs0.05MA0.1FA0.85PbI3.0,1.65,MACl,15.0,m-Br-PEACl,2.0,,,"4,4,4-NA",0.5,,,,,3000,30,100,10,1000,5,5500,30,15,150,110,15,PDADI,0.5,,,,,,,5000,30,6,70,100,5,21.8745,77.0746,1.14596,24.7661,1982,CH1,20250701.csv,
50346,20250730,171,Cs0.05MA0.1FA0.85PbI3.0,1.65,MACl,15.0,m-Br-PEACl,2.0,,,"4,4,4-NA",0.5,,,,,3000,30,100,10,1000,5,5500,30,15,150,110,15,PDADI,0.5,,,,,,,5000,30,6,70,100,5,23.9024,78.764,1.16681,26.0083,1982,CH2,20250701.csv,
50347,20250730,171,Cs0.05MA0.1FA0.85PbI3.0,1.65,MACl,15.0,m-Br-PEACl,2.0,,,"4,4,4-NA",0.5,,,,,3000,30,100,10,1000,5,5500,30,15,150,110,15,PDADI,0.5,,,,,,,5000,30,6,70,100,5,22.0809,75.2195,1.14709,25.591,1982,CH3,20250701.csv,
50348,20250730,171,Cs0.05MA0.1FA0.85PbI3.0,1.65,MACl,15.0,m-Br-PEACl,2.0,,,"4,4,4-NA",0.5,,,,,3000,30,100,10,1000,5,5500,30,15,150,110,15,PDADI,0.5,,,,,,,5000,30,6,70,100,5,21.7488,75.0304,1.13796,25.4726,1982,CH4,20250701.csv,
50349,20250730,171,Cs0.05MA0.1FA0.85PbI3.0,1.65,MACl,15.0,m-Br-PEACl,2.0,,,"4,4,4-NA",0.5,,,,,3000,30,100,10,1000,5,5500,30,15,150,110,15,PDADI,0.5,,,,,,,5000,30,6,70,100,5,23.5195,80.1619,1.1677,25.1263,1983,CH1,20250701.csv,
50350,20250730,171,Cs0.05MA0.1FA0.85PbI3.0,1.65,MACl,15.0,m-Br-PEACl,2.0,,,"4,4,4-NA",0.5,,,,,3000,30,100,10,1000,5,5500,30,15,150,110,15,PDADI,0.5,,,,,,,5000,30,6,70,100,5,21.8878,77.0231,1.1473,24.7688,1983,CH2,20250701.csv,
50351,20250730,171,Cs0.05MA0.1FA0.85PbI3.0,1.65,MACl,15.0,m-Br-PEACl,2.0,,,"4,4,4-NA",0.5,,,,,3000,30,100,10,1000,5,5500,30,15,150,110,15,PDADI,0.5,,,,,,,5000,30,6,70,100,5,21.2959,76.5179,1.13954,24.4232,1983,CH3,20250701.csv,
50352,20250730,171,Cs0.05MA0.1FA0.85PbI3.0,1.65,MACl,15.0,m-Br-PEACl,2.0,,,"4,4,4-NA",0.5,,,,,3000,30,100,10,1000,5,5500,30,15,150,110,15,PDADI,0.5,,,,,,,5000,30,6,70,100,5,21.0101,76.7182,1.13919,24.0399,1983,CH4,20250701.csv,
50353,20250730,171,Cs0.05MA0.1FA0.85PbI3.0,1.65,MACl,15.0,m-Br-PEACl,2.0,,,"4,4,4-NA",0.5,,,,,3000,30,100,10,1000,5,5500,30,15,150,110,15,PDADI,0.5,,,,,,,5000,30,6,70,100,5,23.1077,78.1656,1.16906,25.2875,1984,CH1,20250701.csv,
50354,20250730,171,Cs0.05MA0.1FA0.85PbI3.0,1.65,MACl,15.0,m-Br-PEACl,2.0,,,"4,4,4-NA",0.5,,,,,3000,30,100,10,1000,5,5500,30,15,150,110,15,PDADI,0.5,,,,,,,5000,30,6,70,100,5,21.9671,76.4678,1.15588,24.8531,1984,CH2,20250701.csv,
50355,20250730,171,Cs0.05MA0.1FA0.85PbI3.0,1.65,MACl,15.0,m-Br-PEACl,2.0,,,"4,4,4-NA",0.5,,,,,3000,30,100,10,1000,5,5500,30,15,150,110,15,PDADI,0.5,,,,,,,5000,30,6,70,100,5,21.289,75.1216,1.14576,24.7342,1984,CH3,20250701.csv,
50356,20250730,171,Cs0.05MA0.1FA0.85PbI3.0,1.65,MACl,15.0,m-Br-PEACl,2.0,,,"4,4,4-NA",0.5,,,,,3000,30,100,10,1000,5,5500,30,15,150,110,15,PDADI,0.5,,,,,,,5000,30,6,70,100,5,21.1321,75.6188,1.14619,24.3813,1984,CH4,20250701.csv,
50357,20250730,171,Cs0.05MA0.1FA0.85PbI3.0,1.65,MACl,15.0,p-F-PEACl,2.0,,,"4,4,4-NA",0.5,,,,,3000,30,100,10,1000,5,5500,30,15,150,110,15,PDADI,0.5,,,,,,,5000,30,6,70,100,5,23.3351,79.9803,1.16707,24.9994,1985,CH1,20250701.csv,
50358,20250730,171,Cs0.05MA0.1FA0.85PbI3.0,1.65,MACl,15.0,p-F-PEACl,2.0,,,"4,4,4-NA",0.5,,,,,3000,30,100,10,1000,5,5500,30,15,150,110,15,PDADI,0.5,,,,,,,5000,30,6,70,100,5,22.4496,79.4515,1.15624,24.4377,1985,CH2,20250701.csv,
50359,20250730,171,Cs0.05MA0.1FA0.85PbI3.0,1.65,MACl,15.0,p-F-PEACl,2.0,,,"4,4,4-NA",0.5,,,,,3000,30,100,10,1000,5,5500,30,15,150,110,15,PDADI,0.5,,,,,,,5000,30,6,70,100,5,21.9733,79.0998,1.14855,24.1863,1985,CH3,20250701.csv,
50360,20250730,171,Cs0.05MA0.1FA0.85PbI3.0,1.65,MACl,15.0,p-F-PEACl,2.0,,,"4,4,4-NA",0.5,,,,,3000,30,100,10,1000,5,5500,30,15,150,110,15,PDADI,0.5,,,,,,,5000,30,6,70,100,5,21.7548,79.7322,1.14692,23.7896,1985,CH4,20250701.csv,
50361,20250730,171,Cs0.05MA0.1FA0.85PbI3.0,1.65,MACl,15.0,p-F-PEACl,2.0,,,"4,4,4-NA",0.5,,,,,3000,30,100,10,1000,5,5500,30,15,150,110,15,PDADI,0.5,,,,,,,5000,30,6,70,100,5,22.8312,77.9935,1.16162,25.2003,1986,CH1,20250701.csv,
50362,20250730,171,Cs0.05MA0.1FA0.85PbI3.0,1.65,MACl,15.0,p-F-PEACl,2.0,,,"4,4,4-NA",0.5,,,,,3000,30,100,10,1000,5,5500,30,15,150,110,15,PDADI,0.5,,,,,,,5000,30,6,70,100,5,22.3314,79.3737,1.14717,24.5252,1986,CH2,20250701.csv,
50363,20250730,171,Cs0.05MA0.1FA0.85PbI3.0,1.65,MACl,15.0,p-F-PEACl,2.0,,,"4,4,4-NA",0.5,,,,,3000,30,100,10,1000,5,5500,30,15,150,110,15,PDADI,0.5,,,,,,,5000,30,6,70,100,5,21.8575,79.3731,1.13801,24.1981,1986,CH3,20250701.csv,
50364,20250730,171,Cs0.05MA0.1FA0.85PbI3.0,1.65,MACl,15.0,p-F-PEACl,2.0,,,"4,4,4-NA",0.5,,,,,3000,30,100,10,1000,5,5500,30,15,150,110,15,PDADI,0.5,,,,,,,5000,30,6,70,100,5,0.0430551,24.8769,0.0221474,7.81458,1986,CH4,20250701.csv,
50365,20250730,171,Cs0.05MA0.1FA0.85PbI3.0,1.65,MACl,15.0,p-F-PEACl,2.0,,,"4,4,4-NA",0.5,,,,,3000,30,100,10,1000,5,5500,30,15,150,110,15,PDADI,0.5,,,,,,,5000,30,6,70,100,5,23.4285,75.5058,1.16148,26.7149,1987,CH1,20250701.csv,
50366,20250730,171,Cs0.05MA0.1FA0.85PbI3.0,1.65,MACl,15.0,p-F-PEACl,2.0,,,"4,4,4-NA",0.5,,,,,3000,30,100,10,1000,5,5500,30,15,150,110,15,PDADI,0.5,,,,,,,5000,30,6,70,100,5,23.2207,78.6348,1.14734,25.7375,1987,CH2,20250701.csv,
50367,20250730,171,Cs0.05MA0.1FA0.85PbI3.0,1.65,MACl,15.0,p-F-PEACl,2.0,,,"4,4,4-NA",0.5,,,,,3000,30,100,10,1000,5,5500,30,15,150,110,15,PDADI,0.5,,,,,,,5000,30,6,70,100,5,22.8333,78.5606,1.14449,25.3952,1987,CH3,20250701.csv,
50368,20250730,171,Cs0.05MA0.1FA0.85PbI3.0,1.65,MACl,15.0,p-F-PEACl,2.0,,,"4,4,4-NA",0.5,,,,,3000,30,100,10,1000,5,5500,30,15,150,110,15,PDADI,0.5,,,,,,,5000,30,6,70,100,5,23.2445,79.9937,1.14529,25.3716,1987,CH4,20250701.csv,
50369,20250730,171,Cs0.05MA0.1FA0.85PbI3.0,1.65,MACl,15.0,p-F-PEACl,2.0,,,"4,4,4-NA",0.5,,,,,3000,30,100,10,1000,5,5500,30,15,150,110,15,PDADI,0.5,,,,,,,5000,30,6,70,100,5,22.4885,77.8869,1.15896,24.9131,1988,CH1,20250701.csv,
50370,20250730,171,Cs0.05MA0.1FA0.85PbI3.0,1.65,MACl,15.0,p-F-PEACl,2.0,,,"4,4,4-NA",0.5,,,,,3000,30,100,10,1000,5,5500,30,15,150,110,15,PDADI,0.5,,,,,,,5000,30,6,70,100,5,21.2414,76.2549,1.14506,24.3269,1988,CH2,20250701.csv,
50371,20250730,171,Cs0.05MA0.1FA0.85PbI3.0,1.65,MACl,15.0,p-F-PEACl,2.0,,,"4,4,4-NA",0.5,,,,,3000,30,100,10,1000,5,5500,30,15,150,110,15,PDADI,0.5,,,,,,,5000,30,6,70,100,5,20.33,75.1866,1.1346,23.8317,1988,CH3,20250701.csv,
50372,20250730,171,Cs0.05MA0.1FA0.85PbI3.0,1.65,MACl,15.0,p-F-PEACl,2.0,,,"4,4,4-NA",0.5,,,,,3000,30,100,10,1000,5,5500,30,15,150,110,15,PDADI,0.5,,,,,,,5000,30,6,70,100,5,0.682313,24.933,0.13341,20.5127,1988,CH4,20250701.csv,
50373,20250730,171,Cs0.05MA0.1FA0.85PbI3.0,1.65,MACl,15.0,m-F-PEACl,2.0,,,"4,4,4-NA",0.5,,,,,3000,30,100,10,1000,5,5500,30,15,150,110,15,PDADI,0.5,,,,,,,5000,30,6,70,100,5,23.5559,79.1869,1.15875,25.6718,1989,CH1,20250701.csv,
50374,20250730,171,Cs0.05MA0.1FA0.85PbI3.0,1.65,MACl,15.0,m-F-PEACl,2.0,,,"4,4,4-NA",0.5,,,,,3000,30,100,10,1000,5,5500,30,15,150,110,15,PDADI,0.5,,,,,,,5000,30,6,70,100,5,22.9285,79.7224,1.14673,25.0803,1989,CH2,20250701.csv,
50375,20250730,171,Cs0.05MA0.1FA0.85PbI3.0,1.65,MACl,15.0,m-F-PEACl,2.0,,,"4,4,4-NA",0.5,,,,,3000,30,100,10,1000,5,5500,30,15,150,110,15,PDADI,0.5,,,,,,,5000,30,6,70,100,5,22.4342,79.6229,1.13888,24.7396,1989,CH3,20250701.csv,
50376,20250730,171,Cs0.05MA0.1FA0.85PbI3.0,1.65,MACl,15.0,m-F-PEACl,2.0,,,"4,4,4-NA",0.5,,,,,3000,30,100,10,1000,5,5500,30,15,150,110,15,PDADI,0.5,,,,,,,5000,30,6,70,100,5,20.6846,74.4169,1.13644,24.4585,1989,CH4,20250701.csv,
50377,20250730,171,Cs0.05MA0.1FA0.85PbI3.0,1.65,MACl,15.0,m-F-PEACl,2.0,,,"4,4,4-NA",0.5,,,,,3000,30,100,10,1000,5,5500,30,15,150,110,15,PDADI,0.5,,,,,,,5000,30,6,70,100,5,24.1073,81.2993,1.17463,25.2442,1990,CH1,20250701.csv,
50378,20250730,171,Cs0.05MA0.1FA0.85PbI3.0,1.65,MACl,15.0,m-F-PEACl,2.0,,,"4,4,4-NA",0.5,,,,,3000,30,100,10,1000,5,5500,30,15,150,110,15,PDADI,0.5,,,,,,,5000,30,6,70,100,5,23.7225,81.3144,1.16716,24.9955,1990,CH2,20250701.csv,
50379,20250730,171,Cs0.05MA0.1FA0.85PbI3.0,1.65,MACl,15.0,m-F-PEACl,2.0,,,"4,4,4-NA",0.5,,,,,3000,30,100,10,1000,5,5500,30,15,150,110,15,PDADI,0.5,,,,,,,5000,30,6,70,100,5,22.991,79.5622,1.15885,24.9358,1990,CH3,20250701.csv,
50380,20250730,171,Cs0.05MA0.1FA0.85PbI3.0,1.65,MACl,15.0,m-F-PEACl,2.0,,,"4,4,4-NA",0.5,,,,,3000,30,100,10,1000,5,5500,30,15,150,110,15,PDADI,0.5,,,,,,,5000,30,6,70,100,5,22.7296,80.2228,1.1549,24.533,1990,CH4,20250701.csv,
50381,20250730,171,Cs0.05MA0.1FA0.85PbI3.0,1.65,MACl,15.0,m-F-PEACl,2.0,,,"4,4,4-NA",0.5,,,,,3000,30,100,10,1000,5,5500,30,15,150,110,15,PDADI,0.5,,,,,,,5000,30,6,70,100,5,23.335,76.0349,1.1651,26.341,1991,CH1,20250701.csv,
50382,20250730,171,Cs0.05MA0.1FA0.85PbI3.0,1.65,MACl,15.0,m-F-PEACl,2.0,,,"4,4,4-NA",0.5,,,,,3000,30,100,10,1000,5,5500,30,15,150,110,15,PDADI,0.5,,,,,,,5000,30,6,70,100,5,23.276,79.3348,1.15614,25.3767,1991,CH2,20250701.csv,
50383,20250730,171,Cs0.05MA0.1FA0.85PbI3.0,1.65,MACl,15.0,m-F-PEACl,2.0,,,"4,4,4-NA",0.5,,,,,3000,30,100,10,1000,5,5500,30,15,150,110,15,PDADI,0.5,,,,,,,5000,30,6,70,100,5,22.5585,79.1104,1.14623,24.8773,1991,CH3,20250701.csv,
50384,20250730,171,Cs0.05MA0.1FA0.85PbI3.0,1.65,MACl,15.0,m-F-PEACl,2.0,,,"4,4,4-NA",0.5,,,,,3000,30,100,10,1000,5,5500,30,15,150,110,15,PDADI,0.5,,,,,,,5000,30,6,70,100,5,21.816,77.3538,1.14094,24.7189,1991,CH4,20250701.csv,
50385,20250730,171,Cs0.05MA0.1FA0.85PbI3.0,1.65,MACl,15.0,m-F-PEACl,2.0,,,"4,4,4-NA",0.5,,,,,3000,30,100,10,1000,5,5500,30,15,150,110,15,PDADI,0.5,,,,,,,5000,30,6,70,100,5,22.7738,79.8108,1.15905,24.619,1992,CH1,20250701.csv,
50386,20250730,171,Cs0.05MA0.1FA0.85PbI3.0,1.65,MACl,15.0,m-F-PEACl,2.0,,,"4,4,4-NA",0.5,,,,,3000,30,100,10,1000,5,5500,30,15,150,110,15,PDADI,0.5,,,,,,,5000,30,6,70,100,5,22.0117,78.9214,1.13892,24.4886,1992,CH2,20250701.csv,
50387,20250730,171,Cs0.05MA0.1FA0.85PbI3.0,1.65,MACl,15.0,m-F-PEACl,2.0,,,"4,4,4-NA",0.5,,,,,3000,30,100,10,1000,5,5500,30,15,150,110,15,PDADI,0.5,,,,,,,5000,30,6,70,100,5,21.5641,78.6677,1.13533,24.1442,1992,CH3,20250701.csv,
50388,20250730,171,Cs0.05MA0.1FA0.85PbI3.0,1.65,MACl,15.0,m-F-PEACl,2.0,,,"4,4,4-NA",0.5,,,,,3000,30,100,10,1000,5,5500,30,15,150,110,15,PDADI,0.5,,,,,,,5000,30,6,70,100,5,20.9423,77.4074,1.13628,23.8099,1992,CH4,20250701.csv,
50389,20250730,171,Cs0.05MA0.1FA0.85PbI3.0,1.65,MACl,15.0,p-F-PEACl,2.0,,,"4,4,4-NA",0.5,,,,,3000,30,100,10,1000,5,5500,30,15,150,110,15,EDADI,0.5,,,,,,,5000,30,6,70,100,5,22.7612,75.5266,1.13411,26.5729,1993,CH1,20250701.csv,
50390,20250730,171,Cs0.05MA0.1FA0.85PbI3.0,1.65,MACl,15.0,p-F-PEACl,2.0,,,"4,4,4-NA",0.5,,,,,3000,30,100,10,1000,5,5500,30,15,150,110,15,EDADI,0.5,,,,,,,5000,30,6,70,100,5,21.8018,74.5211,1.11426,26.2559,1993,CH2,20250701.csv,
50391,20250730,171,Cs0.05MA0.1FA0.85PbI3.0,1.65,MACl,15.0,p-F-PEACl,2.0,,,"4,4,4-NA",0.5,,,,,3000,30,100,10,1000,5,5500,30,15,150,110,15,EDADI,0.5,,,,,,,5000,30,6,70,100,5,21.2685,74.6531,1.10588,25.7621,1993,CH3,20250701.csv,
50392,20250730,171,Cs0.05MA0.1FA0.85PbI3.0,1.65,MACl,15.0,p-F-PEACl,2.0,,,"4,4,4-NA",0.5,,,,,3000,30,100,10,1000,5,5500,30,15,150,110,15,EDADI,0.5,,,,,,,5000,30,6,70,100,5,21.26,75.5808,1.10668,25.4173,1993,CH4,20250701.csv,
50393,20250730,171,Cs0.05MA0.1FA0.85PbI3.0,1.65,MACl,15.0,p-F-PEACl,2.0,,,"4,4,4-NA",0.5,,,,,3000,30,100,10,1000,5,5500,30,15,150,110,15,EDADI,0.5,,,,,,,5000,30,6,70,100,5,20.872,73.344,1.138,25.0068,1994,CH1,20250701.csv,
50394,20250730,171,Cs0.05MA0.1FA0.85PbI3.0,1.65,MACl,15.0,p-F-PEACl,2.0,,,"4,4,4-NA",0.5,,,,,3000,30,100,10,1000,5,5500,30,15,150,110,15,EDADI,0.5,,,,,,,5000,30,6,70,100,5,21.0725,74.9417,1.12887,24.9086,1994,CH2,20250701.csv,
50395,20250730,171,Cs0.05MA0.1FA0.85PbI3.0,1.65,MACl,15.0,p-F-PEACl,2.0,,,"4,4,4-NA",0.5,,,,,3000,30,100,10,1000,5,5500,30,15,150,110,15,EDADI,0.5,,,,,,,5000,30,6,70,100,5,20.7722,74.6374,1.12336,24.7746,1994,CH3,20250701.csv,
50396,20250730,171,Cs0.05MA0.1FA0.85PbI3.0,1.65,MACl,15.0,p-F-PEACl,2.0,,,"4,4,4-NA",0.5,,,,,3000,30,100,10,1000,5,5500,30,15,150,110,15,EDADI,0.5,,,,,,,5000,30,6,70,100,5,20.7354,75.7166,1.11788,24.4976,1994,CH4,20250701.csv,
50397,20250730,171,Cs0.05MA0.1FA0.85PbI3.0,1.65,MACl,15.0,p-F-PEACl,2.0,,,"4,4,4-NA",0.5,,,,,3000,30,100,10,1000,5,5500,30,15,150,110,15,EDADI,0.5,,,,,,,5000,30,6,70,100,5,22.3738,76.7404,1.14097,25.5531,1995,CH1,20250701.csv,
50398,20250730,171,Cs0.05MA0.1FA0.85PbI3.0,1.65,MACl,15.0,p-F-PEACl,2.0,,,"4,4,4-NA",0.5,,,,,3000,30,100,10,1000,5,5500,30,15,150,110,15,EDADI,0.5,,,,,,,5000,30,6,70,100,5,21.3915,75.4189,1.12563,25.1978,1995,CH2,20250701.csv,
50399,20250730,171,Cs0.05MA0.1FA0.85PbI3.0,1.65,MACl,15.0,p-F-PEACl,2.0,,,"4,4,4-NA",0.5,,,,,3000,30,100,10,1000,5,5500,30,15,150,110,15,EDADI,0.5,,,,,,,5000,30,6,70,100,5,21.0694,75.5409,1.12298,24.8369,1995,CH3,20250701.csv,
50400,20250730,171,Cs0.05MA0.1FA0.85PbI3.0,1.65,MACl,15.0,p-F-PEACl,2.0,,,"4,4,4-NA",0.5,,,,,3000,30,100,10,1000,5,5500,30,15,150,110,15,EDADI,0.5,,,,,,,5000,30,6,70,100,5,20.9807,76.7712,1.11884,24.4261,1995,CH4,20250701.csv,
50401,20250730,171,Cs0.05MA0.1FA0.85PbI3.0,1.65,MACl,15.0,p-F-PEACl,2.0,,,"4,4,4-NA",0.5,,,,,3000,30,100,10,1000,5,5500,30,15,150,110,15,ODADI,0.5,,,,,,,5000,30,6,70,100,5,23.0615,79.931,1.1304,25.5234,1996,CH1,20250701.csv,
50402,20250730,171,Cs0.05MA0.1FA0.85PbI3.0,1.65,MACl,15.0,p-F-PEACl,2.0,,,"4,4,4-NA",0.5,,,,,3000,30,100,10,1000,5,5500,30,15,150,110,15,ODADI,0.5,,,,,,,5000,30,6,70,100,5,22.6139,79.4273,1.12027,25.4146,1996,CH2,20250701.csv,
50403,20250730,171,Cs0.05MA0.1FA0.85PbI3.0,1.65,MACl,15.0,p-F-PEACl,2.0,,,"4,4,4-NA",0.5,,,,,3000,30,100,10,1000,5,5500,30,15,150,110,15,ODADI,0.5,,,,,,,5000,30,6,70,100,5,22.0396,78.7127,1.11308,25.1554,1996,CH3,20250701.csv,
50404,20250730,171,Cs0.05MA0.1FA0.85PbI3.0,1.65,MACl,15.0,p-F-PEACl,2.0,,,"4,4,4-NA",0.5,,,,,3000,30,100,10,1000,5,5500,30,15,150,110,15,ODADI,0.5,,,,,,,5000,30,6,70,100,5,21.8122,78.9061,1.11269,24.8435,1996,CH4,20250701.csv,
50405,20250730,171,Cs0.05MA0.1FA0.85PbI3.0,1.65,MACl,15.0,p-F-PEACl,2.0,,,"4,4,4-NA",0.5,,,,,3000,30,100,10,1000,5,5500,30,15,150,110,15,ODADI,0.5,,,,,,,5000,30,6,70,100,5,18.4063,64.5158,1.11961,25.4821,1997,CH1,20250701.csv,
50406,20250730,171,Cs0.05MA0.1FA0.85PbI3.0,1.65,MACl,15.0,p-F-PEACl,2.0,,,"4,4,4-NA",0.5,,,,,3000,30,100,10,1000,5,5500,30,15,150,110,15,ODADI,0.5,,,,,,,5000,30,6,70,100,5,22.1977,78.5459,1.12072,25.2165,1997,CH2,20250701.csv,
50407,20250730,171,Cs0.05MA0.1FA0.85PbI3.0,1.65,MACl,15.0,p-F-PEACl,2.0,,,"4,4,4-NA",0.5,,,,,3000,30,100,10,1000,5,5500,30,15,150,110,15,ODADI,0.5,,,,,,,5000,30,6,70,100,5,21.8485,78.9182,1.11456,24.8393,1997,CH3,20250701.csv,
50408,20250730,171,Cs0.05MA0.1FA0.85PbI3.0,1.65,MACl,15.0,p-F-PEACl,2.0,,,"4,4,4-NA",0.5,,,,,3000,30,100,10,1000,5,5500,30,15,150,110,15,ODADI,0.5,,,,,,,5000,30,6,70,100,5,21.7179,78.9089,1.11617,24.6582,1997,CH4,20250701.csv,
50409,20250731,172,Cs0.05MA0.1FA0.85PbI3.0,1.65,MACl,15.0,PMACl,2.0,,,"4,4,4-NA",0.5,,,,,3000,30,100,10,1000,5,5500,30,15,150,110,15,PDADI,0.5,,,,,,,5000,30,6,70,100,5,23.067,80.2966,1.14566,25.0748,1998,CH1,20250702.csv,
50410,20250731,172,Cs0.05MA0.1FA0.85PbI3.0,1.65,MACl,15.0,PMACl,2.0,,,"4,4,4-NA",0.5,,,,,3000,30,100,10,1000,5,5500,30,15,150,110,15,PDADI,0.5,,,,,,,5000,30,6,70,100,5,22.6965,80.1714,1.12107,25.2526,1998,CH2,20250702.csv,
50411,20250731,172,Cs0.05MA0.1FA0.85PbI3.0,1.65,MACl,15.0,PMACl,2.0,,,"4,4,4-NA",0.5,,,,,3000,30,100,10,1000,5,5500,30,15,150,110,15,PDADI,0.5,,,,,,,5000,30,6,70,100,5,21.7756,75.0938,1.1369,25.5061,1998,CH3,20250702.csv,
50412,20250731,172,Cs0.05MA0.1FA0.85PbI3.0,1.65,MACl,15.0,PMACl,2.0,,,"4,4,4-NA",0.5,,,,,3000,30,100,10,1000,5,5500,30,15,150,110,15,PDADI,0.5,,,,,,,5000,30,6,70,100,5,23.3162,81.321,1.12906,25.3944,1998,CH4,20250702.csv,
50413,20250731,172,Cs0.05MA0.1FA0.85PbI3.0,1.65,MACl,15.0,PMACl,2.0,,,"4,4,4-NA",0.5,,,,,3000,30,100,10,1000,5,5500,30,15,150,110,15,PDADI,0.5,,,,,,,5000,30,6,70,100,5,24.2046,81.6525,1.13926,26.0198,1999,CH1,20250702.csv,
50414,20250731,172,Cs0.05MA0.1FA0.85PbI3.0,1.65,MACl,15.0,PMACl,2.0,,,"4,4,4-NA",0.5,,,,,3000,30,100,10,1000,5,5500,30,15,150,110,15,PDADI,0.5,,,,,,,5000,30,6,70,100,5,23.7494,80.4721,1.13705,25.9555,1999,CH2,20250702.csv,
50415,20250731,172,Cs0.05MA0.1FA0.85PbI3.0,1.65,MACl,15.0,PMACl,2.0,,,"4,4,4-NA",0.5,,,,,3000,30,100,10,1000,5,5500,30,15,150,110,15,PDADI,0.5,,,,,,,5000,30,6,70,100,5,20.9885,77.2497,1.06354,25.5464,1999,CH3,20250702.csv,
50416,20250731,172,Cs0.05MA0.1FA0.85PbI3.0,1.65,MACl,15.0,PMACl,2.0,,,"4,4,4-NA",0.5,,,,,3000,30,100,10,1000,5,5500,30,15,150,110,15,PDADI,0.5,,,,,,,5000,30,6,70,100,5,23.5227,81.1196,1.1407,25.4208,1999,CH4,20250702.csv,
50417,20250731,172,Cs0.05MA0.1FA0.85PbI3.0,1.65,MACl,15.0,PMACl,2.0,,,"4,4,4-NA",0.5,,,,,3000,30,100,10,1000,5,5500,30,15,150,110,15,PDADI,0.5,,,,,,,5000,30,6,70,100,5,22.8633,78.2652,1.10802,26.3646,2000,CH1,20250702.csv,
50418,20250731,172,Cs0.05MA0.1FA0.85PbI3.0,1.65,MACl,15.0,PMACl,2.0,,,"4,4,4-NA",0.5,,,,,3000,30,100,10,1000,5,5500,30,15,150,110,15,PDADI,0.5,,,,,,,5000,30,6,70,100,5,22.2663,77.1047,1.09171,26.4521,2000,CH2,20250702.csv,
50419,20250731,172,Cs0.05MA0.1FA0.85PbI3.0,1.65,MACl,15.0,PMACl,2.0,,,"4,4,4-NA",0.5,,,,,3000,30,100,10,1000,5,5500,30,15,150,110,15,PDADI,0.5,,,,,,,5000,30,6,70,100,5,21.6753,75.4725,1.0831,26.5159,2000,CH3,20250702.csv,
50420,20250731,172,Cs0.05MA0.1FA0.85PbI3.0,1.65,MACl,15.0,PMACl,2.0,,,"4,4,4-NA",0.5,,,,,3000,30,100,10,1000,5,5500,30,15,150,110,15,PDADI,0.5,,,,,,,5000,30,6,70,100,5,21.7139,75.4892,1.08571,26.4934,2000,CH4,20250702.csv,
50421,20250731,172,Cs0.05MA0.1FA0.85PbI3.0,1.65,MACl,15.0,PMACl,2.0,,,"4,4,4-NA",0.5,,,,,3000,30,100,10,1000,5,5500,30,15,150,110,15,PDADI,0.5,,,,,,,5000,30,6,70,100,5,24.9536,80.2997,1.15358,26.9384,2001,CH1,20250702.csv,
50422,20250731,172,Cs0.05MA0.1FA0.85PbI3.0,1.65,MACl,15.0,PMACl,2.0,,,"4,4,4-NA",0.5,,,,,3000,30,100,10,1000,5,5500,30,15,150,110,15,PDADI,0.5,,,,,,,5000,30,6,70,100,5,24.548,80.4532,1.13594,26.8607,2001,CH2,20250702.csv,
50423,20250731,172,Cs0.05MA0.1FA0.85PbI3.0,1.65,MACl,15.0,PMACl,2.0,,,"4,4,4-NA",0.5,,,,,3000,30,100,10,1000,5,5500,30,15,150,110,15,PDADI,0.5,,,,,,,5000,30,6,70,100,5,24.2936,80.6295,1.12735,26.7264,2001,CH3,20250702.csv,
50424,20250731,172,Cs0.05MA0.1FA0.85PbI3.0,1.65,MACl,15.0,PMACl,2.0,,,"4,4,4-NA",0.5,,,,,3000,30,100,10,1000,5,5500,30,15,150,110,15,PDADI,0.5,,,,,,,5000,30,6,70,100,5,24.1853,79.778,1.14584,26.4572,2001,CH4,20250702.csv,
50425,20250731,172,Cs0.05MA0.1FA0.85PbI3.0,1.65,MACl,15.0,m-Br-PEACl,2.0,,,"4,4,4-NA",0.5,,,,,3000,30,100,10,1000,5,5500,30,15,150,110,15,PDADI,0.5,,,,,,,5000,30,6,70,100,5,25.147,81.2593,1.17917,26.2444,2002,CH1,20250702.csv,
50426,20250731,172,Cs0.05MA0.1FA0.85PbI3.0,1.65,MACl,15.0,m-Br-PEACl,2.0,,,"4,4,4-NA",0.5,,,,,3000,30,100,10,1000,5,5500,30,15,150,110,15,PDADI,0.5,,,,,,,5000,30,6,70,100,5,24.8212,80.025,1.17406,26.4183,2002,CH2,20250702.csv,
50427,20250731,172,Cs0.05MA0.1FA0.85PbI3.0,1.65,MACl,15.0,m-Br-PEACl,2.0,,,"4,4,4-NA",0.5,,,,,3000,30,100,10,1000,5,5500,30,15,150,110,15,PDADI,0.5,,,,,,,5000,30,6,70,100,5,24.8892,80.2944,1.17028,26.4872,2002,CH3,20250702.csv,
50428,20250731,172,Cs0.05MA0.1FA0.85PbI3.0,1.65,MACl,15.0,m-Br-PEACl,2.0,,,"4,4,4-NA",0.5,,,,,3000,30,100,10,1000,5,5500,30,15,150,110,15,PDADI,0.5,,,,,,,5000,30,6,70,100,5,24.7243,80.4875,1.16926,26.2715,2002,CH4,20250702.csv,
50429,20250731,172,Cs0.05MA0.1FA0.85PbI3.0,1.65,MACl,15.0,m-Br-PEACl,2.0,,,"4,4,4-NA",0.5,,,,,3000,30,100,10,1000,5,5500,30,15,150,110,15,PDADI,0.5,,,,,,,5000,30,6,70,100,5,25.7326,80.2488,1.17821,27.2158,2003,CH1,20250702.csv,
50430,20250731,172,Cs0.05MA0.1FA0.85PbI3.0,1.65,MACl,15.0,m-Br-PEACl,2.0,,,"4,4,4-NA",0.5,,,,,3000,30,100,10,1000,5,5500,30,15,150,110,15,PDADI,0.5,,,,,,,5000,30,6,70,100,5,24.8371,79.0185,1.16557,26.9671,2003,CH2,20250702.csv,
50431,20250731,172,Cs0.05MA0.1FA0.85PbI3.0,1.65,MACl,15.0,m-Br-PEACl,2.0,,,"4,4,4-NA",0.5,,,,,3000,30,100,10,1000,5,5500,30,15,150,110,15,PDADI,0.5,,,,,,,5000,30,6,70,100,5,24.1406,78.524,1.16078,26.4847,2003,CH3,20250702.csv,
50432,20250731,172,Cs0.05MA0.1FA0.85PbI3.0,1.65,MACl,15.0,m-Br-PEACl,2.0,,,"4,4,4-NA",0.5,,,,,3000,30,100,10,1000,5,5500,30,15,150,110,15,PDADI,0.5,,,,,,,5000,30,6,70,100,5,24.2434,79.9438,1.16589,26.0105,2003,CH4,20250702.csv,
50433,20250731,172,Cs0.05MA0.1FA0.85PbI3.0,1.65,MACl,15.0,m-Br-PEACl,2.0,,,"4,4,4-NA",0.5,,,,,3000,30,100,10,1000,5,5500,30,15,150,110,15,PDADI,0.5,,,,,,,5000,30,6,70,100,5,24.3874,81.6321,1.1743,25.4405,2004,CH1,20250702.csv,
50434,20250731,172,Cs0.05MA0.1FA0.85PbI3.0,1.65,MACl,15.0,m-Br-PEACl,2.0,,,"4,4,4-NA",0.5,,,,,3000,30,100,10,1000,5,5500,30,15,150,110,15,PDADI,0.5,,,,,,,5000,30,6,70,100,5,24.1832,81.1817,1.16388,25.5946,2004,CH2,20250702.csv,
50435,20250731,172,Cs0.05MA0.1FA0.85PbI3.0,1.65,MACl,15.0,m-Br-PEACl,2.0,,,"4,4,4-NA",0.5,,,,,3000,30,100,10,1000,5,5500,30,15,150,110,15,PDADI,0.5,,,,,,,5000,30,6,70,100,5,23.9293,80.8842,1.15802,25.5477,2004,CH3,20250702.csv,
50436,20250731,172,Cs0.05MA0.1FA0.85PbI3.0,1.65,MACl,15.0,m-Br-PEACl,2.0,,,"4,4,4-NA",0.5,,,,,3000,30,100,10,1000,5,5500,30,15,150,110,15,PDADI,0.5,,,,,,,5000,30,6,70,100,5,24.0189,81.7111,1.16318,25.2711,2004,CH4,20250702.csv,
50437,20250731,172,Cs0.05MA0.1FA0.85PbI3.0,1.65,MACl,15.0,m-Br-PEACl,2.0,,,"4,4,4-NA",0.5,,,,,3000,30,100,10,1000,5,5500,30,15,150,110,15,PDADI,0.5,,,,,,,5000,30,6,70,100,5,24.7833,80.802,1.18567,25.8686,2005,CH1,20250702.csv,
50438,20250731,172,Cs0.05MA0.1FA0.85PbI3.0,1.65,MACl,15.0,m-Br-PEACl,2.0,,,"4,4,4-NA",0.5,,,,,3000,30,100,10,1000,5,5500,30,15,150,110,15,PDADI,0.5,,,,,,,5000,30,6,70,100,5,24.4694,80.4692,1.17718,25.8315,2005,CH2,20250702.csv,
50439,20250731,172,Cs0.05MA0.1FA0.85PbI3.0,1.65,MACl,15.0,m-Br-PEACl,2.0,,,"4,4,4-NA",0.5,,,,,3000,30,100,10,1000,5,5500,30,15,150,110,15,PDADI,0.5,,,,,,,5000,30,6,70,100,5,24.1692,80.4866,1.16975,25.6713,2005,CH3,20250702.csv,
50440,20250731,172,Cs0.05MA0.1FA0.85PbI3.0,1.65,MACl,15.0,m-Br-PEACl,2.0,,,"4,4,4-NA",0.5,,,,,3000,30,100,10,1000,5,5500,30,15,150,110,15,PDADI,0.5,,,,,,,5000,30,6,70,100,5,23.8659,80.6185,1.17051,25.291,2005,CH4,20250702.csv,
50441,20250731,172,Cs0.05MA0.1FA0.85PbI3.0,1.65,MACl,15.0,p-F-PEACl,2.0,,,"4,4,4-NA",0.5,,,,,3000,30,100,10,1000,5,5500,30,15,150,110,15,PDADI,0.5,,,,,,,5000,30,6,70,100,5,23.9868,81.2919,1.17269,25.1618,2006,CH1,20250702.csv,
50442,20250731,172,Cs0.05MA0.1FA0.85PbI3.0,1.65,MACl,15.0,p-F-PEACl,2.0,,,"4,4,4-NA",0.5,,,,,3000,30,100,10,1000,5,5500,30,15,150,110,15,PDADI,0.5,,,,,,,5000,30,6,70,100,5,23.315,79.7846,1.16292,25.1284,2006,CH2,20250702.csv,
50443,20250731,172,Cs0.05MA0.1FA0.85PbI3.0,1.65,MACl,15.0,p-F-PEACl,2.0,,,"4,4,4-NA",0.5,,,,,3000,30,100,10,1000,5,5500,30,15,150,110,15,PDADI,0.5,,,,,,,5000,30,6,70,100,5,23.2495,80.0343,1.15685,25.1107,2006,CH3,20250702.csv,
50444,20250731,172,Cs0.05MA0.1FA0.85PbI3.0,1.65,MACl,15.0,p-F-PEACl,2.0,,,"4,4,4-NA",0.5,,,,,3000,30,100,10,1000,5,5500,30,15,150,110,15,PDADI,0.5,,,,,,,5000,30,6,70,100,5,23.4276,81.1223,1.15739,24.9522,2006,CH4,20250702.csv,
50445,20250731,172,Cs0.05MA0.1FA0.85PbI3.0,1.65,MACl,15.0,p-F-PEACl,2.0,,,"4,4,4-NA",0.5,,,,,3000,30,100,10,1000,5,5500,30,15,150,110,15,PDADI,0.5,,,,,,,5000,30,6,70,100,5,23.7565,76.8706,1.16436,26.542,2007,CH1,20250702.csv,
50446,20250731,172,Cs0.05MA0.1FA0.85PbI3.0,1.65,MACl,15.0,p-F-PEACl,2.0,,,"4,4,4-NA",0.5,,,,,3000,30,100,10,1000,5,5500,30,15,150,110,15,PDADI,0.5,,,,,,,5000,30,6,70,100,5,23.252,77.9024,1.14675,26.0281,2007,CH2,20250702.csv,
50447,20250731,172,Cs0.05MA0.1FA0.85PbI3.0,1.65,MACl,15.0,p-F-PEACl,2.0,,,"4,4,4-NA",0.5,,,,,3000,30,100,10,1000,5,5500,30,15,150,110,15,PDADI,0.5,,,,,,,5000,30,6,70,100,5,23.0646,78.5445,1.14327,25.685,2007,CH3,20250702.csv,
50448,20250731,172,Cs0.05MA0.1FA0.85PbI3.0,1.65,MACl,15.0,p-F-PEACl,2.0,,,"4,4,4-NA",0.5,,,,,3000,30,100,10,1000,5,5500,30,15,150,110,15,PDADI,0.5,,,,,,,5000,30,6,70,100,5,23.1194,80.2123,1.14884,25.0886,2007,CH4,20250702.csv,
50449,20250731,172,Cs0.05MA0.1FA0.85PbI3.0,1.65,MACl,15.0,p-F-PEACl,2.0,,,"4,4,4-NA",0.5,,,,,3000,30,100,10,1000,5,5500,30,15,150,110,15,PDADI,0.5,,,,,,,5000,30,6,70,100,5,25.3454,81.0443,1.16686,26.8014,2008,CH1,20250702.csv,
50450,20250731,172,Cs0.05MA0.1FA0.85PbI3.0,1.65,MACl,15.0,p-F-PEACl,2.0,,,"4,4,4-NA",0.5,,,,,3000,30,100,10,1000,5,5500,30,15,150,110,15,PDADI,0.5,,,,,,,5000,30,6,70,100,5,25.5638,79.8326,1.16126,27.575,2008,CH2,20250702.csv,
50451,20250731,172,Cs0.05MA0.1FA0.85PbI3.0,1.65,MACl,15.0,p-F-PEACl,2.0,,,"4,4,4-NA",0.5,,,,,3000,30,100,10,1000,5,5500,30,15,150,110,15,PDADI,0.5,,,,,,,5000,30,6,70,100,5,25.164,79.2737,1.15162,27.5641,2008,CH3,20250702.csv,
50452,20250731,172,Cs0.05MA0.1FA0.85PbI3.0,1.65,MACl,15.0,p-F-PEACl,2.0,,,"4,4,4-NA",0.5,,,,,3000,30,100,10,1000,5,5500,30,15,150,110,15,PDADI,0.5,,,,,,,5000,30,6,70,100,5,25.6512,80.5558,1.15699,27.5221,2008,CH4,20250702.csv,
50453,20250731,172,Cs0.05MA0.1FA0.85PbI3.0,1.65,MACl,15.0,p-F-PEACl,2.0,,,"4,4,4-NA",0.5,,,,,3000,30,100,10,1000,5,5500,30,15,150,110,15,PDADI,0.5,,,,,,,5000,30,6,70,100,5,2.25456,26.2409,0.358685,23.9535,2009,CH1,20250702.csv,
50454,20250731,172,Cs0.05MA0.1FA0.85PbI3.0,1.65,MACl,15.0,p-F-PEACl,2.0,,,"4,4,4-NA",0.5,,,,,3000,30,100,10,1000,5,5500,30,15,150,110,15,PDADI,0.5,,,,,,,5000,30,6,70,100,5,22.3505,77.1863,1.14369,25.3185,2009,CH2,20250702.csv,
50455,20250731,172,Cs0.05MA0.1FA0.85PbI3.0,1.65,MACl,15.0,p-F-PEACl,2.0,,,"4,4,4-NA",0.5,,,,,3000,30,100,10,1000,5,5500,30,15,150,110,15,PDADI,0.5,,,,,,,5000,30,6,70,100,5,22.5908,78.6509,1.1398,25.1999,2009,CH3,20250702.csv,
50456,20250731,172,Cs0.05MA0.1FA0.85PbI3.0,1.65,MACl,15.0,p-F-PEACl,2.0,,,"4,4,4-NA",0.5,,,,,3000,30,100,10,1000,5,5500,30,15,150,110,15,PDADI,0.5,,,,,,,5000,30,6,70,100,5,23.1096,80.5256,1.14673,25.0264,2009,CH4,20250702.csv,
50457,20250731,172,Cs0.05MA0.1FA0.85PbI3.0,1.65,MACl,15.0,m-F-PEACl,2.0,,,"4,4,4-NA",0.5,,,,,3000,30,100,10,1000,5,5500,30,15,150,110,15,PDADI,0.5,,,,,,,5000,30,6,70,100,5,23.9227,80.1654,1.17032,25.4987,2010,CH1,20250702.csv,
50458,20250731,172,Cs0.05MA0.1FA0.85PbI3.0,1.65,MACl,15.0,m-F-PEACl,2.0,,,"4,4,4-NA",0.5,,,,,3000,30,100,10,1000,5,5500,30,15,150,110,15,PDADI,0.5,,,,,,,5000,30,6,70,100,5,23.5295,79.3445,1.15181,25.7463,2010,CH2,20250702.csv,
50459,20250731,172,Cs0.05MA0.1FA0.85PbI3.0,1.65,MACl,15.0,m-F-PEACl,2.0,,,"4,4,4-NA",0.5,,,,,3000,30,100,10,1000,5,5500,30,15,150,110,15,PDADI,0.5,,,,,,,5000,30,6,70,100,5,23.8747,79.9052,1.15288,25.9167,2010,CH3,20250702.csv,
50460,20250731,172,Cs0.05MA0.1FA0.85PbI3.0,1.65,MACl,15.0,m-F-PEACl,2.0,,,"4,4,4-NA",0.5,,,,,3000,30,100,10,1000,5,5500,30,15,150,110,15,PDADI,0.5,,,,,,,5000,30,6,70,100,5,23.8031,80.4079,1.15336,25.6667,2010,CH4,20250702.csv,
50461,20250731,172,Cs0.05MA0.1FA0.85PbI3.0,1.65,MACl,15.0,m-F-PEACl,2.0,,,"4,4,4-NA",0.5,,,,,3000,30,100,10,1000,5,5500,30,15,150,110,15,PDADI,0.5,,,,,,,5000,30,6,70,100,5,24.6769,81.4071,1.1748,25.8027,2011,CH1,20250702.csv,
50462,20250731,172,Cs0.05MA0.1FA0.85PbI3.0,1.65,MACl,15.0,m-F-PEACl,2.0,,,"4,4,4-NA",0.5,,,,,3000,30,100,10,1000,5,5500,30,15,150,110,15,PDADI,0.5,,,,,,,5000,30,6,70,100,5,25.2072,82.0862,1.17919,26.0419,2011,CH2,20250702.csv,
50463,20250731,172,Cs0.05MA0.1FA0.85PbI3.0,1.65,MACl,15.0,m-F-PEACl,2.0,,,"4,4,4-NA",0.5,,,,,3000,30,100,10,1000,5,5500,30,15,150,110,15,PDADI,0.5,,,,,,,5000,30,6,70,100,5,24.7302,81.4929,1.16671,26.0102,2011,CH3,20250702.csv,
50464,20250731,172,Cs0.05MA0.1FA0.85PbI3.0,1.65,MACl,15.0,m-F-PEACl,2.0,,,"4,4,4-NA",0.5,,,,,3000,30,100,10,1000,5,5500,30,15,150,110,15,PDADI,0.5,,,,,,,5000,30,6,70,100,5,24.5701,82.1662,1.16667,25.631,2011,CH4,20250702.csv,
50465,20250731,172,Cs0.05MA0.1FA0.85PbI3.0,1.65,MACl,15.0,m-F-PEACl,2.0,,,"4,4,4-NA",0.5,,,,,3000,30,100,10,1000,5,5500,30,15,150,110,15,PDADI,0.5,,,,,,,5000,30,6,70,100,5,25.0474,78.9032,1.17341,27.0531,2012,CH1,20250702.csv,
50466,20250731,172,Cs0.05MA0.1FA0.85PbI3.0,1.65,MACl,15.0,m-F-PEACl,2.0,,,"4,4,4-NA",0.5,,,,,3000,30,100,10,1000,5,5500,30,15,150,110,15,PDADI,0.5,,,,,,,5000,30,6,70,100,5,25.2253,79.7405,1.16371,27.1838,2012,CH2,20250702.csv,
50467,20250731,172,Cs0.05MA0.1FA0.85PbI3.0,1.65,MACl,15.0,m-F-PEACl,2.0,,,"4,4,4-NA",0.5,,,,,3000,30,100,10,1000,5,5500,30,15,150,110,15,PDADI,0.5,,,,,,,5000,30,6,70,100,5,25.1809,79.958,1.15715,27.2156,2012,CH3,20250702.csv,
50468,20250731,172,Cs0.05MA0.1FA0.85PbI3.0,1.65,MACl,15.0,m-F-PEACl,2.0,,,"4,4,4-NA",0.5,,,,,3000,30,100,10,1000,5,5500,30,15,150,110,15,PDADI,0.5,,,,,,,5000,30,6,70,100,5,25.3756,80.5926,1.16159,27.1062,2012,CH4,20250702.csv,
50469,20250731,172,Cs0.05MA0.1FA0.85PbI3.0,1.65,MACl,15.0,m-F-PEACl,2.0,,,"4,4,4-NA",0.5,,,,,3000,30,100,10,1000,5,5500,30,15,150,110,15,PDADI,0.5,,,,,,,5000,30,6,70,100,5,23.4464,77.3246,1.16749,25.972,2013,CH1,20250702.csv,
50470,20250731,172,Cs0.05MA0.1FA0.85PbI3.0,1.65,MACl,15.0,m-F-PEACl,2.0,,,"4,4,4-NA",0.5,,,,,3000,30,100,10,1000,5,5500,30,15,150,110,15,PDADI,0.5,,,,,,,5000,30,6,70,100,5,23.7891,78.8945,1.15472,26.1129,2013,CH2,20250702.csv,
50471,20250731,172,Cs0.05MA0.1FA0.85PbI3.0,1.65,MACl,15.0,m-F-PEACl,2.0,,,"4,4,4-NA",0.5,,,,,3000,30,100,10,1000,5,5500,30,15,150,110,15,PDADI,0.5,,,,,,,5000,30,6,70,100,5,23.5974,79.7525,1.14852,25.7622,2013,CH3,20250702.csv,
50472,20250731,172,Cs0.05MA0.1FA0.85PbI3.0,1.65,MACl,15.0,m-F-PEACl,2.0,,,"4,4,4-NA",0.5,,,,,3000,30,100,10,1000,5,5500,30,15,150,110,15,PDADI,0.5,,,,,,,5000,30,6,70,100,5,23.5197,80.8959,1.1512,25.2553,2013,CH4,20250702.csv,
50473,20250731,172,Cs0.05MA0.1FA0.85PbI3.0,1.65,MACl,15.0,p-F-PEACl,2.0,,,"4,4,4-NA",0.5,,,,,3000,30,100,10,1000,5,5500,30,15,150,110,15,EDADI,0.5,,,,,,,5000,30,6,70,100,5,24.6104,80.3731,1.14787,26.6758,2014,CH1,20250702.csv,
50474,20250731,172,Cs0.05MA0.1FA0.85PbI3.0,1.65,MACl,15.0,p-F-PEACl,2.0,,,"4,4,4-NA",0.5,,,,,3000,30,100,10,1000,5,5500,30,15,150,110,15,EDADI,0.5,,,,,,,5000,30,6,70,100,5,24.126,79.4139,1.13565,26.7512,2014,CH2,20250702.csv,
50475,20250731,172,Cs0.05MA0.1FA0.85PbI3.0,1.65,MACl,15.0,p-F-PEACl,2.0,,,"4,4,4-NA",0.5,,,,,3000,30,100,10,1000,5,5500,30,15,150,110,15,EDADI,0.5,,,,,,,5000,30,6,70,100,5,24.0963,79.5413,1.12836,26.8479,2014,CH3,20250702.csv,
50476,20250731,172,Cs0.05MA0.1FA0.85PbI3.0,1.65,MACl,15.0,p-F-PEACl,2.0,,,"4,4,4-NA",0.5,,,,,3000,30,100,10,1000,5,5500,30,15,150,110,15,EDADI,0.5,,,,,,,5000,30,6,70,100,5,24.0158,79.8462,1.1287,26.648,2014,CH4,20250702.csv,
50477,20250731,172,Cs0.05MA0.1FA0.85PbI3.0,1.65,MACl,15.0,p-F-PEACl,2.0,,,"4,4,4-NA",0.5,,,,,3000,30,100,10,1000,5,5500,30,15,150,110,15,EDADI,0.5,,,,,,,5000,30,6,70,100,5,23.8161,80.8116,1.1552,25.5117,2015,CH1,20250702.csv,
50478,20250731,172,Cs0.05MA0.1FA0.85PbI3.0,1.65,MACl,15.0,p-F-PEACl,2.0,,,"4,4,4-NA",0.5,,,,,3000,30,100,10,1000,5,5500,30,15,150,110,15,EDADI,0.5,,,,,,,5000,30,6,70,100,5,23.3828,79.9906,1.14857,25.4508,2015,CH2,20250702.csv,
50479,20250731,172,Cs0.05MA0.1FA0.85PbI3.0,1.65,MACl,15.0,p-F-PEACl,2.0,,,"4,4,4-NA",0.5,,,,,3000,30,100,10,1000,5,5500,30,15,150,110,15,EDADI,0.5,,,,,,,5000,30,6,70,100,5,23.1144,80.1389,1.13971,25.3074,2015,CH3,20250702.csv,
50480,20250731,172,Cs0.05MA0.1FA0.85PbI3.0,1.65,MACl,15.0,p-F-PEACl,2.0,,,"4,4,4-NA",0.5,,,,,3000,30,100,10,1000,5,5500,30,15,150,110,15,EDADI,0.5,,,,,,,5000,30,6,70,100,5,23.3283,81.1683,1.14516,25.0976,2015,CH4,20250702.csv,
50481,20250731,172,Cs0.05MA0.1FA0.85PbI3.0,1.65,MACl,15.0,p-F-PEACl,2.0,,,"4,4,4-NA",0.5,,,,,3000,30,100,10,1000,5,5500,30,15,150,110,15,EDADI,0.5,,,,,,,5000,30,6,70,100,5,23.9475,81.8259,1.15548,25.3282,2016,CH1,20250702.csv,
50482,20250731,172,Cs0.05MA0.1FA0.85PbI3.0,1.65,MACl,15.0,p-F-PEACl,2.0,,,"4,4,4-NA",0.5,,,,,3000,30,100,10,1000,5,5500,30,15,150,110,15,EDADI,0.5,,,,,,,5000,30,6,70,100,5,23.4559,80.1481,1.14352,25.5927,2016,CH2,20250702.csv,
50483,20250731,172,Cs0.05MA0.1FA0.85PbI3.0,1.65,MACl,15.0,p-F-PEACl,2.0,,,"4,4,4-NA",0.5,,,,,3000,30,100,10,1000,5,5500,30,15,150,110,15,EDADI,0.5,,,,,,,5000,30,6,70,100,5,23.287,79.8968,1.13629,25.6504,2016,CH3,20250702.csv,
50484,20250731,172,Cs0.05MA0.1FA0.85PbI3.0,1.65,MACl,15.0,p-F-PEACl,2.0,,,"4,4,4-NA",0.5,,,,,3000,30,100,10,1000,5,5500,30,15,150,110,15,EDADI,0.5,,,,,,,5000,30,6,70,100,5,23.4053,80.5466,1.13576,25.5847,2016,CH4,20250702.csv,
50485,20250731,172,Cs0.05MA0.1FA0.85PbI3.0,1.65,MACl,15.0,p-F-PEACl,2.0,,,"4,4,4-NA",0.5,,,,,3000,30,100,10,1000,5,5500,30,15,150,110,15,ODADI,0.5,,,,,,,5000,30,6,70,100,5,23.7763,80.399,1.133,26.1015,2017,CH1,20250702.csv,
50486,20250731,172,Cs0.05MA0.1FA0.85PbI3.0,1.65,MACl,15.0,p-F-PEACl,2.0,,,"4,4,4-NA",0.5,,,,,3000,30,100,10,1000,5,5500,30,15,150,110,15,ODADI,0.5,,,,,,,5000,30,6,70,100,5,23.6478,80.7477,1.12312,26.0755,2017,CH2,20250702.csv,
50487,20250731,172,Cs0.05MA0.1FA0.85PbI3.0,1.65,MACl,15.0,p-F-PEACl,2.0,,,"4,4,4-NA",0.5,,,,,3000,30,100,10,1000,5,5500,30,15,150,110,15,ODADI,0.5,,,,,,,5000,30,6,70,100,5,23.7005,81.3281,1.11912,26.0398,2017,CH3,20250702.csv,
50488,20250731,172,Cs0.05MA0.1FA0.85PbI3.0,1.65,MACl,15.0,p-F-PEACl,2.0,,,"4,4,4-NA",0.5,,,,,3000,30,100,10,1000,5,5500,30,15,150,110,15,ODADI,0.5,,,,,,,5000,30,6,70,100,5,23.6753,81.6282,1.12285,25.8305,2017,CH4,20250702.csv,
50489,20250731,172,Cs0.05MA0.1FA0.85PbI3.0,1.65,MACl,15.0,p-F-PEACl,2.0,,,"4,4,4-NA",0.5,,,,,3000,30,100,10,1000,5,5500,30,15,150,110,15,ODADI,0.5,,,,,,,5000,30,6,70,100,5,23.8806,81.564,1.13971,25.6893,2018,CH1,20250702.csv,
50490,20250731,172,Cs0.05MA0.1FA0.85PbI3.0,1.65,MACl,15.0,p-F-PEACl,2.0,,,"4,4,4-NA",0.5,,,,,3000,30,100,10,1000,5,5500,30,15,150,110,15,ODADI,0.5,,,,,,,5000,30,6,70,100,5,23.5568,81.2819,1.1263,25.7318,2018,CH2,20250702.csv,
50491,20250731,172,Cs0.05MA0.1FA0.85PbI3.0,1.65,MACl,15.0,p-F-PEACl,2.0,,,"4,4,4-NA",0.5,,,,,3000,30,100,10,1000,5,5500,30,15,150,110,15,ODADI,0.5,,,,,,,5000,30,6,70,100,5,23.5981,81.3422,1.12514,25.7843,2018,CH3,20250702.csv,
50492,20250731,172,Cs0.05MA0.1FA0.85PbI3.0,1.65,MACl,15.0,p-F-PEACl,2.0,,,"4,4,4-NA",0.5,,,,,3000,30,100,10,1000,5,5500,30,15,150,110,15,ODADI,0.5,,,,,,,5000,30,6,70,100,5,23.309,80.6073,1.12671,25.6649,2018,CH4,20250702.csv,
50493,20250801,173,Cs0.05MA0.1FA0.85PbI3.0,1.65,MACl,15.0,p-F-PEACl,2.0,,,"4,4,4-NA",0.5,,,,,3000,30,100,10,1000,5,5500,30,15,150,110,15,PDADI,0.5,,,,,,,5000,30,6,70,100,5,20.3869,69.42,1.18378,24.8081,2019,CH1,20250703.csv,
50494,20250801,173,Cs0.05MA0.1FA0.85PbI3.0,1.65,MACl,15.0,p-F-PEACl,2.0,,,"4,4,4-NA",0.5,,,,,3000,30,100,10,1000,5,5500,30,15,150,110,15,PDADI,0.5,,,,,,,5000,30,6,70,100,5,18.5111,67.8101,1.16207,23.4912,2019,CH2,20250703.csv,
50495,20250801,173,Cs0.05MA0.1FA0.85PbI3.0,1.65,MACl,15.0,p-F-PEACl,2.0,,,"4,4,4-NA",0.5,,,,,3000,30,100,10,1000,5,5500,30,15,150,110,15,PDADI,0.5,,,,,,,5000,30,6,70,100,5,20.9612,75.2867,1.16064,23.9883,2019,CH3,20250703.csv,
50496,20250801,173,Cs0.05MA0.1FA0.85PbI3.0,1.65,MACl,15.0,p-F-PEACl,2.0,,,"4,4,4-NA",0.5,,,,,3000,30,100,10,1000,5,5500,30,15,150,110,15,PDADI,0.5,,,,,,,5000,30,6,70,100,5,21.5161,77.6602,1.15916,23.9013,2019,CH4,20250703.csv,
50497,20250801,173,Cs0.05MA0.1FA0.85PbI3.0,1.65,MACl,15.0,p-F-PEACl,2.0,,,"4,4,4-NA",0.5,,,,,3000,30,100,10,1000,5,5500,30,15,150,110,15,PDADI,0.5,,,,,,,5000,30,6,70,100,5,19.0341,65.5134,1.17362,24.7556,2020,CH1,20250703.csv,
50498,20250801,173,Cs0.05MA0.1FA0.85PbI3.0,1.65,MACl,15.0,p-F-PEACl,2.0,,,"4,4,4-NA",0.5,,,,,3000,30,100,10,1000,5,5500,30,15,150,110,15,PDADI,0.5,,,,,,,5000,30,6,70,100,5,20.6655,72.8407,1.16057,24.4456,2020,CH2,20250703.csv,
50499,20250801,173,Cs0.05MA0.1FA0.85PbI3.0,1.65,MACl,15.0,p-F-PEACl,2.0,,,"4,4,4-NA",0.5,,,,,3000,30,100,10,1000,5,5500,30,15,150,110,15,PDADI,0.5,,,,,,,5000,30,6,70,100,5,21.2231,75.7995,1.15431,24.256,2020,CH3,20250703.csv,
50500,20250801,173,Cs0.05MA0.1FA0.85PbI3.0,1.65,MACl,15.0,p-F-PEACl,2.0,,,"4,4,4-NA",0.5,,,,,3000,30,100,10,1000,5,5500,30,15,150,110,15,PDADI,0.5,,,,,,,5000,30,6,70,100,5,22.1011,78.6069,1.15879,24.2632,2020,CH4,20250703.csv,
50501,20250801,173,Cs0.05MA0.1FA0.85PbI3.0,1.65,MACl,15.0,p-F-PEACl,2.0,,,"4,4,4-NA",0.5,,,,,3000,30,100,10,1000,5,5500,30,15,150,110,15,PDADI,0.5,,,,,,,5000,30,6,70,100,5,21.2817,75.0884,1.18056,24.0073,2021,CH1,20250703.csv,
50502,20250801,173,Cs0.05MA0.1FA0.85PbI3.0,1.65,MACl,15.0,p-F-PEACl,2.0,,,"4,4,4-NA",0.5,,,,,3000,30,100,10,1000,5,5500,30,15,150,110,15,PDADI,0.5,,,,,,,5000,30,6,70,100,5,19.3286,71.5342,1.16565,23.1804,2021,CH2,20250703.csv,
50503,20250801,173,Cs0.05MA0.1FA0.85PbI3.0,1.65,MACl,15.0,p-F-PEACl,2.0,,,"4,4,4-NA",0.5,,,,,3000,30,100,10,1000,5,5500,30,15,150,110,15,PDADI,0.5,,,,,,,5000,30,6,70,100,5,20.6526,75.7483,1.16374,23.4285,2021,CH3,20250703.csv,
50504,20250801,173,Cs0.05MA0.1FA0.85PbI3.0,1.65,MACl,15.0,p-F-PEACl,2.0,,,"4,4,4-NA",0.5,,,,,3000,30,100,10,1000,5,5500,30,15,150,110,15,PDADI,0.5,,,,,,,5000,30,6,70,100,5,20.3069,75.1416,1.15917,23.314,2021,CH4,20250703.csv,
50505,20250801,173,Cs0.05MA0.1FA0.85PbI3.0,1.65,MACl,15.0,p-F-PEACl,2.0,,,"4,4,4-NA",0.5,,,,,3000,30,100,10,1000,5,5500,30,15,150,110,15,PDADI,0.5,,,,,,,5000,30,6,70,100,5,21.9256,74.3337,1.17741,25.0518,2022,CH1,20250703.csv,
50506,20250801,173,Cs0.05MA0.1FA0.85PbI3.0,1.65,MACl,15.0,p-F-PEACl,2.0,,,"4,4,4-NA",0.5,,,,,3000,30,100,10,1000,5,5500,30,15,150,110,15,PDADI,0.5,,,,,,,5000,30,6,70,100,5,22.469,77.7322,1.16651,24.7796,2022,CH2,20250703.csv,
50507,20250801,173,Cs0.05MA0.1FA0.85PbI3.0,1.65,MACl,15.0,p-F-PEACl,2.0,,,"4,4,4-NA",0.5,,,,,3000,30,100,10,1000,5,5500,30,15,150,110,15,PDADI,0.5,,,,,,,5000,30,6,70,100,5,18.6796,68.23,1.14896,23.828,2022,CH3,20250703.csv,
50508,20250801,173,Cs0.05MA0.1FA0.85PbI3.0,1.65,MACl,15.0,p-F-PEACl,2.0,,,"4,4,4-NA",0.5,,,,,3000,30,100,10,1000,5,5500,30,15,150,110,15,PDADI,0.5,,,,,,,5000,30,6,70,100,5,21.6422,77.1844,1.15692,24.2363,2022,CH4,20250703.csv,
50509,20250801,173,Cs0.05MA0.1FA0.85PbI3.0,1.65,MACl,15.0,m-F-PEACl,2.0,,,"4,4,4-NA",0.5,,,,,3000,30,100,10,1000,5,5500,30,15,150,110,15,PDADI,0.5,,,,,,,5000,30,6,70,100,5,23.7867,81.0551,1.19041,24.6523,2023,CH1,20250703.csv,
50510,20250801,173,Cs0.05MA0.1FA0.85PbI3.0,1.65,MACl,15.0,m-F-PEACl,2.0,,,"4,4,4-NA",0.5,,,,,3000,30,100,10,1000,5,5500,30,15,150,110,15,PDADI,0.5,,,,,,,5000,30,6,70,100,5,24.163,83.1882,1.18461,24.5196,2023,CH2,20250703.csv,
50511,20250801,173,Cs0.05MA0.1FA0.85PbI3.0,1.65,MACl,15.0,m-F-PEACl,2.0,,,"4,4,4-NA",0.5,,,,,3000,30,100,10,1000,5,5500,30,15,150,110,15,PDADI,0.5,,,,,,,5000,30,6,70,100,5,24.0095,83.9026,1.17701,24.3124,2023,CH3,20250703.csv,
50512,20250801,173,Cs0.05MA0.1FA0.85PbI3.0,1.65,MACl,15.0,m-F-PEACl,2.0,,,"4,4,4-NA",0.5,,,,,3000,30,100,10,1000,5,5500,30,15,150,110,15,PDADI,0.5,,,,,,,5000,30,6,70,100,5,23.4537,83.1406,1.17269,24.0556,2023,CH4,20250703.csv,
50513,20250801,173,Cs0.05MA0.1FA0.85PbI3.0,1.65,MACl,15.0,m-F-PEACl,2.0,,,"4,4,4-NA",0.5,,,,,3000,30,100,10,1000,5,5500,30,15,150,110,15,PDADI,0.5,,,,,,,5000,30,6,70,100,5,24.453,81.4011,1.19031,25.2372,2024,CH1,20250703.csv,
50514,20250801,173,Cs0.05MA0.1FA0.85PbI3.0,1.65,MACl,15.0,m-F-PEACl,2.0,,,"4,4,4-NA",0.5,,,,,3000,30,100,10,1000,5,5500,30,15,150,110,15,PDADI,0.5,,,,,,,5000,30,6,70,100,5,23.3962,81.3243,1.18186,24.3422,2024,CH2,20250703.csv,
50515,20250801,173,Cs0.05MA0.1FA0.85PbI3.0,1.65,MACl,15.0,m-F-PEACl,2.0,,,"4,4,4-NA",0.5,,,,,3000,30,100,10,1000,5,5500,30,15,150,110,15,PDADI,0.5,,,,,,,5000,30,6,70,100,5,23.4157,82.6797,1.17553,24.0921,2024,CH3,20250703.csv,
50516,20250801,173,Cs0.05MA0.1FA0.85PbI3.0,1.65,MACl,15.0,m-F-PEACl,2.0,,,"4,4,4-NA",0.5,,,,,3000,30,100,10,1000,5,5500,30,15,150,110,15,PDADI,0.5,,,,,,,5000,30,6,70,100,5,22.5996,81.4234,1.17083,23.706,2024,CH4,20250703.csv,
50517,20250801,173,Cs0.05MA0.1FA0.85PbI3.0,1.65,MACl,15.0,m-F-PEACl,2.0,,,"4,4,4-NA",0.5,,,,,3000,30,100,10,1000,5,5500,30,15,150,110,15,PDADI,0.5,,,,,,,5000,30,6,70,100,5,20.8365,71.0975,1.19221,24.582,2025,CH1,20250703.csv,
50518,20250801,173,Cs0.05MA0.1FA0.85PbI3.0,1.65,MACl,15.0,m-F-PEACl,2.0,,,"4,4,4-NA",0.5,,,,,3000,30,100,10,1000,5,5500,30,15,150,110,15,PDADI,0.5,,,,,,,5000,30,6,70,100,5,23.7659,82.917,1.18734,24.1399,2025,CH2,20250703.csv,
50519,20250801,173,Cs0.05MA0.1FA0.85PbI3.0,1.65,MACl,15.0,m-F-PEACl,2.0,,,"4,4,4-NA",0.5,,,,,3000,30,100,10,1000,5,5500,30,15,150,110,15,PDADI,0.5,,,,,,,5000,30,6,70,100,5,23.4971,84.0795,1.1788,23.7074,2025,CH3,20250703.csv,
50520,20250801,173,Cs0.05MA0.1FA0.85PbI3.0,1.65,MACl,15.0,m-F-PEACl,2.0,,,"4,4,4-NA",0.5,,,,,3000,30,100,10,1000,5,5500,30,15,150,110,15,PDADI,0.5,,,,,,,5000,30,6,70,100,5,23.2991,84.1563,1.17356,23.5909,2025,CH4,20250703.csv,
50521,20250801,173,Cs0.05MA0.1FA0.85PbI3.0,1.65,MACl,15.0,m-F-PEACl,2.0,,,"4,4,4-NA",0.5,,,,,3000,30,100,10,1000,5,5500,30,15,150,110,15,PDADI,0.5,,,,,,,5000,30,6,70,100,5,24.0616,82.8139,1.19041,24.4076,2026,CH1,20250703.csv,
50522,20250801,173,Cs0.05MA0.1FA0.85PbI3.0,1.65,MACl,15.0,m-F-PEACl,2.0,,,"4,4,4-NA",0.5,,,,,3000,30,100,10,1000,5,5500,30,15,150,110,15,PDADI,0.5,,,,,,,5000,30,6,70,100,5,23.503,83.3006,1.18327,23.8447,2026,CH2,20250703.csv,
50523,20250801,173,Cs0.05MA0.1FA0.85PbI3.0,1.65,MACl,15.0,m-F-PEACl,2.0,,,"4,4,4-NA",0.5,,,,,3000,30,100,10,1000,5,5500,30,15,150,110,15,PDADI,0.5,,,,,,,5000,30,6,70,100,5,19.8078,74.1756,1.17187,22.7874,2026,CH3,20250703.csv,
50524,20250801,173,Cs0.05MA0.1FA0.85PbI3.0,1.65,MACl,15.0,m-F-PEACl,2.0,,,"4,4,4-NA",0.5,,,,,3000,30,100,10,1000,5,5500,30,15,150,110,15,PDADI,0.5,,,,,,,5000,30,6,70,100,5,22.9568,83.7118,1.17527,23.3338,2026,CH4,20250703.csv,
50525,20250801,173,Cs0.05MA0.1FA0.85PbI3.0,1.65,MACl,15.0,PMACl,2.0,,,"4,4,4-NA",0.5,,,,,3000,30,100,10,1000,5,5500,30,15,150,110,15,PDADI,0.5,,,,,,,5000,30,6,70,100,5,25.2585,81.3931,1.18319,26.2281,2027,CH1,20250703.csv,
50526,20250801,173,Cs0.05MA0.1FA0.85PbI3.0,1.65,MACl,15.0,PMACl,2.0,,,"4,4,4-NA",0.5,,,,,3000,30,100,10,1000,5,5500,30,15,150,110,15,PDADI,0.5,,,,,,,5000,30,6,70,100,5,23.6691,80.0898,1.16343,25.4017,2027,CH2,20250703.csv,
50527,20250801,173,Cs0.05MA0.1FA0.85PbI3.0,1.65,MACl,15.0,PMACl,2.0,,,"4,4,4-NA",0.5,,,,,3000,30,100,10,1000,5,5500,30,15,150,110,15,PDADI,0.5,,,,,,,5000,30,6,70,100,5,23.6559,80.5605,1.15823,25.3525,2027,CH3,20250703.csv,
50528,20250801,173,Cs0.05MA0.1FA0.85PbI3.0,1.65,MACl,15.0,PMACl,2.0,,,"4,4,4-NA",0.5,,,,,3000,30,100,10,1000,5,5500,30,15,150,110,15,PDADI,0.5,,,,,,,5000,30,6,70,100,5,22.5291,77.6029,1.15514,25.1323,2027,CH4,20250703.csv,
50529,20250801,173,Cs0.05MA0.1FA0.85PbI3.0,1.65,MACl,15.0,PMACl,2.0,,,"4,4,4-NA",0.5,,,,,3000,30,100,10,1000,5,5500,30,15,150,110,15,PDADI,0.5,,,,,,,5000,30,6,70,100,5,24.5946,82.5452,1.19178,25.0006,2028,CH1,20250703.csv,
50530,20250801,173,Cs0.05MA0.1FA0.85PbI3.0,1.65,MACl,15.0,PMACl,2.0,,,"4,4,4-NA",0.5,,,,,3000,30,100,10,1000,5,5500,30,15,150,110,15,PDADI,0.5,,,,,,,5000,30,6,70,100,5,24.3994,83.685,1.18596,24.5845,2028,CH2,20250703.csv,
50531,20250801,173,Cs0.05MA0.1FA0.85PbI3.0,1.65,MACl,15.0,PMACl,2.0,,,"4,4,4-NA",0.5,,,,,3000,30,100,10,1000,5,5500,30,15,150,110,15,PDADI,0.5,,,,,,,5000,30,6,70,100,5,23.8331,83.3391,1.17858,24.2647,2028,CH3,20250703.csv,
50532,20250801,173,Cs0.05MA0.1FA0.85PbI3.0,1.65,MACl,15.0,PMACl,2.0,,,"4,4,4-NA",0.5,,,,,3000,30,100,10,1000,5,5500,30,15,150,110,15,PDADI,0.5,,,,,,,5000,30,6,70,100,5,23.184,82.652,1.1704,23.9662,2028,CH4,20250703.csv,
50533,20250801,173,Cs0.05MA0.1FA0.85PbI3.0,1.65,MACl,15.0,PMACl,2.0,,,"4,4,4-NA",0.5,,,,,3000,30,100,10,1000,5,5500,30,15,150,110,15,PDADI,0.5,,,,,,,5000,30,6,70,100,5,24.487,82.96,1.18599,24.8877,2029,CH1,20250703.csv,
50534,20250801,173,Cs0.05MA0.1FA0.85PbI3.0,1.65,MACl,15.0,PMACl,2.0,,,"4,4,4-NA",0.5,,,,,3000,30,100,10,1000,5,5500,30,15,150,110,15,PDADI,0.5,,,,,,,5000,30,6,70,100,5,23.7233,82.8542,1.17385,24.392,2029,CH2,20250703.csv,
50535,20250801,173,Cs0.05MA0.1FA0.85PbI3.0,1.65,MACl,15.0,PMACl,2.0,,,"4,4,4-NA",0.5,,,,,3000,30,100,10,1000,5,5500,30,15,150,110,15,PDADI,0.5,,,,,,,5000,30,6,70,100,5,19.1477,70.3135,1.15179,23.6431,2029,CH3,20250703.csv,
50536,20250801,173,Cs0.05MA0.1FA0.85PbI3.0,1.65,MACl,15.0,PMACl,2.0,,,"4,4,4-NA",0.5,,,,,3000,30,100,10,1000,5,5500,30,15,150,110,15,PDADI,0.5,,,,,,,5000,30,6,70,100,5,21.3144,77.8984,1.15806,23.6273,2029,CH4,20250703.csv,
50537,20250801,173,Cs0.05MA0.1FA0.85PbI3.0,1.65,MACl,15.0,PMACl,2.0,,,"4,4,4-NA",0.5,,,,,3000,30,100,10,1000,5,5500,30,15,150,110,15,PDADI,0.5,,,,,,,5000,30,6,70,100,5,21.1323,71.7975,1.18775,24.7806,2030,CH1,20250703.csv,
50538,20250801,173,Cs0.05MA0.1FA0.85PbI3.0,1.65,MACl,15.0,PMACl,2.0,,,"4,4,4-NA",0.5,,,,,3000,30,100,10,1000,5,5500,30,15,150,110,15,PDADI,0.5,,,,,,,5000,30,6,70,100,5,24.0968,82.8564,1.18446,24.5536,2030,CH2,20250703.csv,
50539,20250801,173,Cs0.05MA0.1FA0.85PbI3.0,1.65,MACl,15.0,PMACl,2.0,,,"4,4,4-NA",0.5,,,,,3000,30,100,10,1000,5,5500,30,15,150,110,15,PDADI,0.5,,,,,,,5000,30,6,70,100,5,23.0384,81.847,1.17623,23.9308,2030,CH3,20250703.csv,
50540,20250801,173,Cs0.05MA0.1FA0.85PbI3.0,1.65,MACl,15.0,PMACl,2.0,,,"4,4,4-NA",0.5,,,,,3000,30,100,10,1000,5,5500,30,15,150,110,15,PDADI,0.5,,,,,,,5000,30,6,70,100,5,23.0944,82.8768,1.17117,23.7932,2030,CH4,20250703.csv,
50541,20250801,173,Cs0.05MA0.1FA0.85PbI3.0,1.65,MACl,15.0,p-MeO-PEACl,2.0,,,"4,4,4-NA",0.5,,,,,3000,30,100,10,1000,5,5500,30,15,150,110,15,PDADI,0.5,,,,,,,5000,30,6,70,100,5,23.7368,75.9343,1.17504,26.603,2031,CH1,20250703.csv,
50542,20250801,173,Cs0.05MA0.1FA0.85PbI3.0,1.65,MACl,15.0,p-MeO-PEACl,2.0,,,"4,4,4-NA",0.5,,,,,3000,30,100,10,1000,5,5500,30,15,150,110,15,PDADI,0.5,,,,,,,5000,30,6,70,100,5,12.9314,43.8627,1.11518,26.4366,2031,CH2,20250703.csv,
50543,20250801,173,Cs0.05MA0.1FA0.85PbI3.0,1.65,MACl,15.0,p-MeO-PEACl,2.0,,,"4,4,4-NA",0.5,,,,,3000,30,100,10,1000,5,5500,30,15,150,110,15,PDADI,0.5,,,,,,,5000,30,6,70,100,5,21.8459,72.212,1.15465,26.2006,2031,CH3,20250703.csv,
50544,20250801,173,Cs0.05MA0.1FA0.85PbI3.0,1.65,MACl,15.0,p-MeO-PEACl,2.0,,,"4,4,4-NA",0.5,,,,,3000,30,100,10,1000,5,5500,30,15,150,110,15,PDADI,0.5,,,,,,,5000,30,6,70,100,5,22.5557,74.0156,1.15552,26.3728,2031,CH4,20250703.csv,
50545,20250801,173,Cs0.05MA0.1FA0.85PbI3.0,1.65,MACl,15.0,p-MeO-PEACl,2.0,,,"4,4,4-NA",0.5,,,,,3000,30,100,10,1000,5,5500,30,15,150,110,15,PDADI,0.5,,,,,,,5000,30,6,70,100,5,22.4661,73.625,1.16759,26.1343,2032,CH1,20250703.csv,
50546,20250801,173,Cs0.05MA0.1FA0.85PbI3.0,1.65,MACl,15.0,p-MeO-PEACl,2.0,,,"4,4,4-NA",0.5,,,,,3000,30,100,10,1000,5,5500,30,15,150,110,15,PDADI,0.5,,,,,,,5000,30,6,70,100,5,21.2849,73.9965,1.14803,25.0557,2032,CH2,20250703.csv,
50547,20250801,173,Cs0.05MA0.1FA0.85PbI3.0,1.65,MACl,15.0,p-MeO-PEACl,2.0,,,"4,4,4-NA",0.5,,,,,3000,30,100,10,1000,5,5500,30,15,150,110,15,PDADI,0.5,,,,,,,5000,30,6,70,100,5,19.5859,70.4569,1.13812,24.4249,2032,CH3,20250703.csv,
50548,20250801,173,Cs0.05MA0.1FA0.85PbI3.0,1.65,MACl,15.0,p-MeO-PEACl,2.0,,,"4,4,4-NA",0.5,,,,,3000,30,100,10,1000,5,5500,30,15,150,110,15,PDADI,0.5,,,,,,,5000,30,6,70,100,5,20.0537,72.2013,1.14662,24.2231,2032,CH4,20250703.csv,
50549,20250801,173,Cs0.05MA0.1FA0.85PbI3.0,1.65,MACl,15.0,p-MeO-PEACl,2.0,,,"4,4,4-NA",0.5,,,,,3000,30,100,10,1000,5,5500,30,15,150,110,15,PDADI,0.5,,,,,,,5000,30,6,70,100,5,25.3859,80.2987,1.18778,26.6164,2033,CH1,20250703.csv,
50550,20250801,173,Cs0.05MA0.1FA0.85PbI3.0,1.65,MACl,15.0,p-MeO-PEACl,2.0,,,"4,4,4-NA",0.5,,,,,3000,30,100,10,1000,5,5500,30,15,150,110,15,PDADI,0.5,,,,,,,5000,30,6,70,100,5,22.8992,75.3328,1.1661,26.0676,2033,CH2,20250703.csv,
50551,20250801,173,Cs0.05MA0.1FA0.85PbI3.0,1.65,MACl,15.0,p-MeO-PEACl,2.0,,,"4,4,4-NA",0.5,,,,,3000,30,100,10,1000,5,5500,30,15,150,110,15,PDADI,0.5,,,,,,,5000,30,6,70,100,5,21.9931,73.8622,1.15645,25.7476,2033,CH3,20250703.csv,
50552,20250801,173,Cs0.05MA0.1FA0.85PbI3.0,1.65,MACl,15.0,p-MeO-PEACl,2.0,,,"4,4,4-NA",0.5,,,,,3000,30,100,10,1000,5,5500,30,15,150,110,15,PDADI,0.5,,,,,,,5000,30,6,70,100,5,21.6613,73.2483,1.15508,25.602,2033,CH4,20250703.csv,
50553,20250801,173,Cs0.05MA0.1FA0.85PbI3.0,1.65,MACl,15.0,m-MeO-PEACl,2.0,,,"4,4,4-NA",0.5,,,,,3000,30,100,10,1000,5,5500,30,15,150,110,15,PDADI,0.5,,,,,,,5000,30,6,70,100,5,22.4284,75.3467,1.18091,25.2068,2034,CH1,20250703.csv,
50554,20250801,173,Cs0.05MA0.1FA0.85PbI3.0,1.65,MACl,15.0,m-MeO-PEACl,2.0,,,"4,4,4-NA",0.5,,,,,3000,30,100,10,1000,5,5500,30,15,150,110,15,PDADI,0.5,,,,,,,5000,30,6,70,100,5,16.6881,60.5711,1.15214,23.9131,2034,CH2,20250703.csv,
50555,20250801,173,Cs0.05MA0.1FA0.85PbI3.0,1.65,MACl,15.0,m-MeO-PEACl,2.0,,,"4,4,4-NA",0.5,,,,,3000,30,100,10,1000,5,5500,30,15,150,110,15,PDADI,0.5,,,,,,,5000,30,6,70,100,5,19.1089,70.0289,1.15451,23.6353,2034,CH3,20250703.csv,
50556,20250801,173,Cs0.05MA0.1FA0.85PbI3.0,1.65,MACl,15.0,m-MeO-PEACl,2.0,,,"4,4,4-NA",0.5,,,,,3000,30,100,10,1000,5,5500,30,15,150,110,15,PDADI,0.5,,,,,,,5000,30,6,70,100,5,0.742056,24.5638,0.144266,20.94,2034,CH4,20250703.csv,
50557,20250801,173,Cs0.05MA0.1FA0.85PbI3.0,1.65,MACl,15.0,m-MeO-PEACl,2.0,,,"4,4,4-NA",0.5,,,,,3000,30,100,10,1000,5,5500,30,15,150,110,15,PDADI,0.5,,,,,,,5000,30,6,70,100,5,23.606,79.1751,1.17607,25.3513,2035,CH1,20250703.csv,
50558,20250801,173,Cs0.05MA0.1FA0.85PbI3.0,1.65,MACl,15.0,m-MeO-PEACl,2.0,,,"4,4,4-NA",0.5,,,,,3000,30,100,10,1000,5,5500,30,15,150,110,15,PDADI,0.5,,,,,,,5000,30,6,70,100,5,15.0107,54.3327,1.12728,24.5081,2035,CH2,20250703.csv,
50559,20250801,173,Cs0.05MA0.1FA0.85PbI3.0,1.65,MACl,15.0,m-MeO-PEACl,2.0,,,"4,4,4-NA",0.5,,,,,3000,30,100,10,1000,5,5500,30,15,150,110,15,PDADI,0.5,,,,,,,5000,30,6,70,100,5,20.0268,71.6021,1.13696,24.6002,2035,CH3,20250703.csv,
50560,20250801,173,Cs0.05MA0.1FA0.85PbI3.0,1.65,MACl,15.0,m-MeO-PEACl,2.0,,,"4,4,4-NA",0.5,,,,,3000,30,100,10,1000,5,5500,30,15,150,110,15,PDADI,0.5,,,,,,,5000,30,6,70,100,5,20.979,74.4033,1.14408,24.6453,2035,CH4,20250703.csv,
50561,20250801,173,Cs0.05MA0.1FA0.85PbI3.0,1.65,MACl,15.0,m-MeO-PEACl,2.0,,,"4,4,4-NA",0.5,,,,,3000,30,100,10,1000,5,5500,30,15,150,110,15,PDADI,0.5,,,,,,,5000,30,6,70,100,5,23.0654,75.2468,1.1759,26.0678,2036,CH1,20250703.csv,
50562,20250801,173,Cs0.05MA0.1FA0.85PbI3.0,1.65,MACl,15.0,m-MeO-PEACl,2.0,,,"4,4,4-NA",0.5,,,,,3000,30,100,10,1000,5,5500,30,15,150,110,15,PDADI,0.5,,,,,,,5000,30,6,70,100,5,21.608,74.7001,1.15572,25.0289,2036,CH2,20250703.csv,
50563,20250801,173,Cs0.05MA0.1FA0.85PbI3.0,1.65,MACl,15.0,m-MeO-PEACl,2.0,,,"4,4,4-NA",0.5,,,,,3000,30,100,10,1000,5,5500,30,15,150,110,15,PDADI,0.5,,,,,,,5000,30,6,70,100,5,20.6071,73.0418,1.14681,24.601,2036,CH3,20250703.csv,
50564,20250801,173,Cs0.05MA0.1FA0.85PbI3.0,1.65,MACl,15.0,m-MeO-PEACl,2.0,,,"4,4,4-NA",0.5,,,,,3000,30,100,10,1000,5,5500,30,15,150,110,15,PDADI,0.5,,,,,,,5000,30,6,70,100,5,20.2782,72.7602,1.14784,24.2802,2036,CH4,20250703.csv,
50565,20250801,173,Cs0.05MA0.1FA0.85PbI3.0,1.65,MACl,15.0,m-F-PEACl,2.0,,,"4,4,4-NA",0.415,4PABCz,0.104,,,3000,30,100,10,1000,5,5500,30,15,150,110,15,PDADI,0.5,,,,,,,5000,30,6,70,100,5,20.5313,73.3779,1.16849,23.9456,2037,CH1,20250703.csv,
50566,20250801,173,Cs0.05MA0.1FA0.85PbI3.0,1.65,MACl,15.0,m-F-PEACl,2.0,,,"4,4,4-NA",0.415,4PABCz,0.104,,,3000,30,100,10,1000,5,5500,30,15,150,110,15,PDADI,0.5,,,,,,,5000,30,6,70,100,5,17.2641,65.2544,1.14961,23.0135,2037,CH2,20250703.csv,
50567,20250801,173,Cs0.05MA0.1FA0.85PbI3.0,1.65,MACl,15.0,m-F-PEACl,2.0,,,"4,4,4-NA",0.415,4PABCz,0.104,,,3000,30,100,10,1000,5,5500,30,15,150,110,15,PDADI,0.5,,,,,,,5000,30,6,70,100,5,18.9158,70.537,1.14755,23.3688,2037,CH3,20250703.csv,
50568,20250801,173,Cs0.05MA0.1FA0.85PbI3.0,1.65,MACl,15.0,m-F-PEACl,2.0,,,"4,4,4-NA",0.415,4PABCz,0.104,,,3000,30,100,10,1000,5,5500,30,15,150,110,15,PDADI,0.5,,,,,,,5000,30,6,70,100,5,16.7721,62.8528,1.14083,23.3907,2037,CH4,20250703.csv,
50569,20250801,173,Cs0.05MA0.1FA0.85PbI3.0,1.65,MACl,15.0,m-F-PEACl,2.0,,,"4,4,4-NA",0.415,4PABCz,0.104,,,3000,30,100,10,1000,5,5500,30,15,150,110,15,PDADI,0.5,,,,,,,5000,30,6,70,100,5,23.5999,81.7348,1.17124,24.6522,2038,CH1,20250703.csv,
50570,20250801,173,Cs0.05MA0.1FA0.85PbI3.0,1.65,MACl,15.0,m-F-PEACl,2.0,,,"4,4,4-NA",0.415,4PABCz,0.104,,,3000,30,100,10,1000,5,5500,30,15,150,110,15,PDADI,0.5,,,,,,,5000,30,6,70,100,5,20.7859,78.6718,1.14662,23.0424,2038,CH2,20250703.csv,
50571,20250801,173,Cs0.05MA0.1FA0.85PbI3.0,1.65,MACl,15.0,m-F-PEACl,2.0,,,"4,4,4-NA",0.415,4PABCz,0.104,,,3000,30,100,10,1000,5,5500,30,15,150,110,15,PDADI,0.5,,,,,,,5000,30,6,70,100,5,19.7179,76.1078,1.14206,22.6851,2038,CH3,20250703.csv,
50572,20250801,173,Cs0.05MA0.1FA0.85PbI3.0,1.65,MACl,15.0,m-F-PEACl,2.0,,,"4,4,4-NA",0.415,4PABCz,0.104,,,3000,30,100,10,1000,5,5500,30,15,150,110,15,PDADI,0.5,,,,,,,5000,30,6,70,100,5,21.4061,81.2718,1.1507,22.8894,2038,CH4,20250703.csv,
50573,20250801,173,Cs0.05MA0.1FA0.85PbI3.0,1.65,MACl,15.0,m-F-PEACl,2.0,,,"4,4,4-NA",0.415,4PABCz,0.104,,,3000,30,100,10,1000,5,5500,30,15,150,110,15,PDADI,0.5,,,,,,,5000,30,6,70,100,5,3.9212,27.5676,0.593976,23.947,2039,CH1,20250703.csv,
50574,20250801,173,Cs0.05MA0.1FA0.85PbI3.0,1.65,MACl,15.0,m-F-PEACl,2.0,,,"4,4,4-NA",0.415,4PABCz,0.104,,,3000,30,100,10,1000,5,5500,30,15,150,110,15,PDADI,0.5,,,,,,,5000,30,6,70,100,5,22.9802,81.7512,1.16623,24.1033,2039,CH2,20250703.csv,
50575,20250801,173,Cs0.05MA0.1FA0.85PbI3.0,1.65,MACl,15.0,m-F-PEACl,2.0,,,"4,4,4-NA",0.415,4PABCz,0.104,,,3000,30,100,10,1000,5,5500,30,15,150,110,15,PDADI,0.5,,,,,,,5000,30,6,70,100,5,16.9481,64.6575,1.13692,23.0554,2039,CH3,20250703.csv,
50576,20250801,173,Cs0.05MA0.1FA0.85PbI3.0,1.65,MACl,15.0,m-F-PEACl,2.0,,,"4,4,4-NA",0.415,4PABCz,0.104,,,3000,30,100,10,1000,5,5500,30,15,150,110,15,PDADI,0.5,,,,,,,5000,30,6,70,100,5,1.94275,25.4517,0.347336,21.9761,2039,CH4,20250703.csv,
50577,20250801,173,Cs0.05MA0.1FA0.85PbI3.0,1.65,MACl,15.0,m-F-PEACl,2.0,,,4PACz,0.104,"4,4,4-NA",0.415,,,3000,30,100,10,1000,5,5500,30,15,150,110,15,PDADI,0.5,,,,,,,5000,30,6,70,100,5,25.3601,83.3154,1.18097,25.7744,2040,CH1,20250703.csv,
50578,20250801,173,Cs0.05MA0.1FA0.85PbI3.0,1.65,MACl,15.0,m-F-PEACl,2.0,,,4PACz,0.104,"4,4,4-NA",0.415,,,3000,30,100,10,1000,5,5500,30,15,150,110,15,PDADI,0.5,,,,,,,5000,30,6,70,100,5,19.432,69.657,1.15633,24.1251,2040,CH2,20250703.csv,
50579,20250801,173,Cs0.05MA0.1FA0.85PbI3.0,1.65,MACl,15.0,m-F-PEACl,2.0,,,4PACz,0.104,"4,4,4-NA",0.415,,,3000,30,100,10,1000,5,5500,30,15,150,110,15,PDADI,0.5,,,,,,,5000,30,6,70,100,5,22.3475,78.8422,1.15583,24.5231,2040,CH3,20250703.csv,
50580,20250801,173,Cs0.05MA0.1FA0.85PbI3.0,1.65,MACl,15.0,m-F-PEACl,2.0,,,4PACz,0.104,"4,4,4-NA",0.415,,,3000,30,100,10,1000,5,5500,30,15,150,110,15,PDADI,0.5,,,,,,,5000,30,6,70,100,5,22.7021,80.3163,1.15953,24.3769,2040,CH4,20250703.csv,
50581,20250801,173,Cs0.05MA0.1FA0.85PbI3.0,1.65,MACl,15.0,m-F-PEACl,2.0,,,4PACz,0.104,"4,4,4-NA",0.415,,,3000,30,100,10,1000,5,5500,30,15,150,110,15,PDADI,0.5,,,,,,,5000,30,6,70,100,5,18.5725,65.1224,1.16868,24.4032,2041,CH1,20250703.csv,
50582,20250801,173,Cs0.05MA0.1FA0.85PbI3.0,1.65,MACl,15.0,m-F-PEACl,2.0,,,4PACz,0.104,"4,4,4-NA",0.415,,,3000,30,100,10,1000,5,5500,30,15,150,110,15,PDADI,0.5,,,,,,,5000,30,6,70,100,5,11.1424,42.8951,1.08948,23.8424,2041,CH2,20250703.csv,
50583,20250801,173,Cs0.05MA0.1FA0.85PbI3.0,1.65,MACl,15.0,m-F-PEACl,2.0,,,4PACz,0.104,"4,4,4-NA",0.415,,,3000,30,100,10,1000,5,5500,30,15,150,110,15,PDADI,0.5,,,,,,,5000,30,6,70,100,5,22.644,81.0921,1.16334,24.0032,2041,CH3,20250703.csv,
50584,20250801,173,Cs0.05MA0.1FA0.85PbI3.0,1.65,MACl,15.0,m-F-PEACl,2.0,,,4PACz,0.104,"4,4,4-NA",0.415,,,3000,30,100,10,1000,5,5500,30,15,150,110,15,PDADI,0.5,,,,,,,5000,30,6,70,100,5,20.4478,75.933,1.15427,23.3297,2041,CH4,20250703.csv,
50585,20250802,174,Cs0.05MA0.1FA0.85PbI3.0,1.65,MACl,15.0,p-F-PEACl,2.0,,,"4,4,4-NA",0.5,,,,,3000,30,100,10,1000,5,5500,30,15,150,110,15,PDADI,0.5,,,,,,,5000,30,6,70,100,5,24.7358,82.3917,1.16128,25.8526,2042,CH1,20250704.csv,
50586,20250802,174,Cs0.05MA0.1FA0.85PbI3.0,1.65,MACl,15.0,p-F-PEACl,2.0,,,"4,4,4-NA",0.5,,,,,3000,30,100,10,1000,5,5500,30,15,150,110,15,PDADI,0.5,,,,,,,5000,30,6,70,100,5,24.365,81.2091,1.15558,25.9634,2042,CH2,20250704.csv,
50587,20250802,174,Cs0.05MA0.1FA0.85PbI3.0,1.65,MACl,15.0,p-F-PEACl,2.0,,,"4,4,4-NA",0.5,,,,,3000,30,100,10,1000,5,5500,30,15,150,110,15,PDADI,0.5,,,,,,,5000,30,6,70,100,5,24.2265,80.8216,1.15354,25.9854,2042,CH3,20250704.csv,
50588,20250802,174,Cs0.05MA0.1FA0.85PbI3.0,1.65,MACl,15.0,p-F-PEACl,2.0,,,"4,4,4-NA",0.5,,,,,3000,30,100,10,1000,5,5500,30,15,150,110,15,PDADI,0.5,,,,,,,5000,30,6,70,100,5,24.6408,82.0619,1.15668,25.9597,2042,CH4,20250704.csv,
50589,20250802,174,Cs0.05MA0.1FA0.85PbI3.0,1.65,MACl,15.0,p-F-PEACl,2.0,,,"4,4,4-NA",0.5,,,,,3000,30,100,10,1000,5,5500,30,15,150,110,15,PDADI,0.5,,,,,,,5000,30,6,70,100,5,25.3518,82.0431,1.16133,26.6078,2043,CH1,20250704.csv,
50590,20250802,174,Cs0.05MA0.1FA0.85PbI3.0,1.65,MACl,15.0,p-F-PEACl,2.0,,,"4,4,4-NA",0.5,,,,,3000,30,100,10,1000,5,5500,30,15,150,110,15,PDADI,0.5,,,,,,,5000,30,6,70,100,5,24.7546,81.4866,1.14697,26.4862,2043,CH2,20250704.csv,
50591,20250802,174,Cs0.05MA0.1FA0.85PbI3.0,1.65,MACl,15.0,p-F-PEACl,2.0,,,"4,4,4-NA",0.5,,,,,3000,30,100,10,1000,5,5500,30,15,150,110,15,PDADI,0.5,,,,,,,5000,30,6,70,100,5,24.6924,81.5329,1.14602,26.4263,2043,CH3,20250704.csv,
50592,20250802,174,Cs0.05MA0.1FA0.85PbI3.0,1.65,MACl,15.0,p-F-PEACl,2.0,,,"4,4,4-NA",0.5,,,,,3000,30,100,10,1000,5,5500,30,15,150,110,15,PDADI,0.5,,,,,,,5000,30,6,70,100,5,25.1214,82.7032,1.15538,26.2904,2043,CH4,20250704.csv,
50593,20250802,174,Cs0.05MA0.1FA0.85PbI3.0,1.65,MACl,15.0,p-F-PEACl,2.0,,,"4,4,4-NA",0.5,,,,,3000,30,100,10,1000,5,5500,30,15,150,110,15,PDADI,0.5,,,,,,,5000,30,6,70,100,5,24.6109,82.7564,1.16653,25.4936,2044,CH1,20250704.csv,
50594,20250802,174,Cs0.05MA0.1FA0.85PbI3.0,1.65,MACl,15.0,p-F-PEACl,2.0,,,"4,4,4-NA",0.5,,,,,3000,30,100,10,1000,5,5500,30,15,150,110,15,PDADI,0.5,,,,,,,5000,30,6,70,100,5,24.2886,81.8631,1.16125,25.5499,2044,CH2,20250704.csv,
50595,20250802,174,Cs0.05MA0.1FA0.85PbI3.0,1.65,MACl,15.0,p-F-PEACl,2.0,,,"4,4,4-NA",0.5,,,,,3000,30,100,10,1000,5,5500,30,15,150,110,15,PDADI,0.5,,,,,,,5000,30,6,70,100,5,24.263,82.071,1.1568,25.5562,2044,CH3,20250704.csv,
50596,20250802,174,Cs0.05MA0.1FA0.85PbI3.0,1.65,MACl,15.0,p-F-PEACl,2.0,,,"4,4,4-NA",0.5,,,,,3000,30,100,10,1000,5,5500,30,15,150,110,15,PDADI,0.5,,,,,,,5000,30,6,70,100,5,24.4345,82.612,1.15942,25.5106,2044,CH4,20250704.csv,
50597,20250802,174,Cs0.05MA0.1FA0.85PbI3.0,1.65,MACl,15.0,p-F-PEACl,2.0,,,"4,4,4-NA",0.5,,,,,3000,30,100,10,1000,5,5500,30,15,150,110,15,PDADI,0.5,,,,,,,5000,30,6,70,100,5,25.5015,82.2809,1.16729,26.5515,2045,CH1,20250704.csv,
50598,20250802,174,Cs0.05MA0.1FA0.85PbI3.0,1.65,MACl,15.0,p-F-PEACl,2.0,,,"4,4,4-NA",0.5,,,,,3000,30,100,10,1000,5,5500,30,15,150,110,15,PDADI,0.5,,,,,,,5000,30,6,70,100,5,24.782,81.2916,1.1531,26.4378,2045,CH2,20250704.csv,
50599,20250802,174,Cs0.05MA0.1FA0.85PbI3.0,1.65,MACl,15.0,p-F-PEACl,2.0,,,"4,4,4-NA",0.5,,,,,3000,30,100,10,1000,5,5500,30,15,150,110,15,PDADI,0.5,,,,,,,5000,30,6,70,100,5,24.2308,79.5536,1.1555,26.3596,2045,CH3,20250704.csv,
50600,20250802,174,Cs0.05MA0.1FA0.85PbI3.0,1.65,MACl,15.0,p-F-PEACl,2.0,,,"4,4,4-NA",0.5,,,,,3000,30,100,10,1000,5,5500,30,15,150,110,15,PDADI,0.5,,,,,,,5000,30,6,70,100,5,24.5535,81.7315,1.15452,26.0208,2045,CH4,20250704.csv,
50601,20250802,174,Cs0.05MA0.1FA0.85PbI3.0,1.65,MACl,15.0,m-F-PEACl,2.0,,,"4,4,4-NA",0.5,,,,,3000,30,100,10,1000,5,5500,30,15,150,110,15,PDADI,0.5,,,,,,,5000,30,6,70,100,5,23.9132,82.9148,1.15759,24.9143,2046,CH1,20250704.csv,
50602,20250802,174,Cs0.05MA0.1FA0.85PbI3.0,1.65,MACl,15.0,m-F-PEACl,2.0,,,"4,4,4-NA",0.5,,,,,3000,30,100,10,1000,5,5500,30,15,150,110,15,PDADI,0.5,,,,,,,5000,30,6,70,100,5,23.8978,82.7669,1.15703,24.9551,2046,CH2,20250704.csv,
50603,20250802,174,Cs0.05MA0.1FA0.85PbI3.0,1.65,MACl,15.0,m-F-PEACl,2.0,,,"4,4,4-NA",0.5,,,,,3000,30,100,10,1000,5,5500,30,15,150,110,15,PDADI,0.5,,,,,,,5000,30,6,70,100,5,23.9147,82.9851,1.15283,24.9977,2046,CH3,20250704.csv,
50604,20250802,174,Cs0.05MA0.1FA0.85PbI3.0,1.65,MACl,15.0,m-F-PEACl,2.0,,,"4,4,4-NA",0.5,,,,,3000,30,100,10,1000,5,5500,30,15,150,110,15,PDADI,0.5,,,,,,,5000,30,6,70,100,5,23.9541,82.9407,1.1553,24.9986,2046,CH4,20250704.csv,
50605,20250802,174,Cs0.05MA0.1FA0.85PbI3.0,1.65,MACl,15.0,m-F-PEACl,2.0,,,"4,4,4-NA",0.5,,,,,3000,30,100,10,1000,5,5500,30,15,150,110,15,PDADI,0.5,,,,,,,5000,30,6,70,100,5,24.6682,82.5136,1.1678,25.6001,2047,CH1,20250704.csv,
50606,20250802,174,Cs0.05MA0.1FA0.85PbI3.0,1.65,MACl,15.0,m-F-PEACl,2.0,,,"4,4,4-NA",0.5,,,,,3000,30,100,10,1000,5,5500,30,15,150,110,15,PDADI,0.5,,,,,,,5000,30,6,70,100,5,24.1994,82.1137,1.16367,25.3256,2047,CH2,20250704.csv,
50607,20250802,174,Cs0.05MA0.1FA0.85PbI3.0,1.65,MACl,15.0,m-F-PEACl,2.0,,,"4,4,4-NA",0.5,,,,,3000,30,100,10,1000,5,5500,30,15,150,110,15,PDADI,0.5,,,,,,,5000,30,6,70,100,5,23.8407,82.448,1.1567,24.9987,2047,CH3,20250704.csv,
50608,20250802,174,Cs0.05MA0.1FA0.85PbI3.0,1.65,MACl,15.0,m-F-PEACl,2.0,,,"4,4,4-NA",0.5,,,,,3000,30,100,10,1000,5,5500,30,15,150,110,15,PDADI,0.5,,,,,,,5000,30,6,70,100,5,23.4997,81.9392,1.15699,24.7879,2047,CH4,20250704.csv,
50609,20250802,174,Cs0.05MA0.1FA0.85PbI3.0,1.65,MACl,15.0,m-F-PEACl,2.0,,,"4,4,4-NA",0.5,,,,,3000,30,100,10,1000,5,5500,30,15,150,110,15,PDADI,0.5,,,,,,,5000,30,6,70,100,5,23.285,81.9719,1.1615,24.4564,2048,CH1,20250704.csv,
50610,20250802,174,Cs0.05MA0.1FA0.85PbI3.0,1.65,MACl,15.0,m-F-PEACl,2.0,,,"4,4,4-NA",0.5,,,,,3000,30,100,10,1000,5,5500,30,15,150,110,15,PDADI,0.5,,,,,,,5000,30,6,70,100,5,23.6216,83.6603,1.15977,24.3456,2048,CH2,20250704.csv,
50611,20250802,174,Cs0.05MA0.1FA0.85PbI3.0,1.65,MACl,15.0,m-F-PEACl,2.0,,,"4,4,4-NA",0.5,,,,,3000,30,100,10,1000,5,5500,30,15,150,110,15,PDADI,0.5,,,,,,,5000,30,6,70,100,5,23.5984,83.9531,1.15667,24.3017,2048,CH3,20250704.csv,
50612,20250802,174,Cs0.05MA0.1FA0.85PbI3.0,1.65,MACl,15.0,m-F-PEACl,2.0,,,"4,4,4-NA",0.5,,,,,3000,30,100,10,1000,5,5500,30,15,150,110,15,PDADI,0.5,,,,,,,5000,30,6,70,100,5,23.6001,83.9835,1.15694,24.2889,2048,CH4,20250704.csv,
50613,20250802,174,Cs0.05MA0.1FA0.85PbI3.0,1.65,MACl,15.0,m-F-PEACl,2.0,,,"4,4,4-NA",0.5,,,,,3000,30,100,10,1000,5,5500,30,15,150,110,15,PDADI,0.5,,,,,,,5000,30,6,70,100,5,24.0552,82.6669,1.16817,24.9099,2049,CH1,20250704.csv,
50614,20250802,174,Cs0.05MA0.1FA0.85PbI3.0,1.65,MACl,15.0,m-F-PEACl,2.0,,,"4,4,4-NA",0.5,,,,,3000,30,100,10,1000,5,5500,30,15,150,110,15,PDADI,0.5,,,,,,,5000,30,6,70,100,5,23.7673,82.7318,1.16281,24.7059,2049,CH2,20250704.csv,
50615,20250802,174,Cs0.05MA0.1FA0.85PbI3.0,1.65,MACl,15.0,m-F-PEACl,2.0,,,"4,4,4-NA",0.5,,,,,3000,30,100,10,1000,5,5500,30,15,150,110,15,PDADI,0.5,,,,,,,5000,30,6,70,100,5,23.7908,83.4272,1.16477,24.4827,2049,CH3,20250704.csv,
50616,20250802,174,Cs0.05MA0.1FA0.85PbI3.0,1.65,MACl,15.0,m-F-PEACl,2.0,,,"4,4,4-NA",0.5,,,,,3000,30,100,10,1000,5,5500,30,15,150,110,15,PDADI,0.5,,,,,,,5000,30,6,70,100,5,23.2884,83.8549,1.15642,24.0156,2049,CH4,20250704.csv,
